S. No,State/UT,Year,Season,Scheme,Notified Districts,Insurance Units,Farmers,Application_Loanee,Application_Non-Loanee,Thousand Hect._Area Insured,Amount In Lac._Farmers Premium,Amount In Lac._State Premium,Amount In Lac._GOI Premium,Sum Insured (In Lac.),Gender (%)_Male,Gender (%)_Female,Gender (%)_Others,Category (%)_SC,Category (%)_ST,Category (%)_OBC,Category (%)_GEN,Type of Farmer (%)_Marginal,Type of Farmer (%)_Small,Type of Farmer (%)_Others,Claim Paid (In Lac.)_Prevented Sowing,Claim Paid (In Lac.)_Localized,Claim Paid (In Lac.)_Mid-term,Claim Paid (In Lac.)_Yield Based,Claim Paid (In Lac.)_Post Harvest,Claim Paid (In Lac.)_WBCIS,Claim Paid (In Lac.)_Total Claim Paid,Claim Paid (In Lac.)_Total Farmer Benefit(Actual)
1,ANDHRA PRADESH,2018,1,4,13,"10,353","8,30,320","8,45,720","59,480",684.92,"14,306.51","14,410.32","14,410.32","5,29,239.59",68.43,31.5,0.07,4.18,1.54,47.41,46.87,15.34,76.74,7.92,"13,536",810,588,"36,025","2,262",0,"53,221","2,35,161"
2,ASSAM,2018,1,4,25,113,"24,275","23,122","1,342",16.84,183.62,106.8,106.8,"10,059.79",90.51,9.46,0.03,4.64,12.77,29.08,53.51,48.56,47.39,4.05,0,0,0,9,0,0,9,377
3,CHHATTISGARH,2018,1,4,27,"10,990","11,91,580","11,96,410","1,66,368","1,989.32","14,300.02","32,191.26","32,191.26","7,15,001.08",87.95,11.95,0.1,9.42,24.11,59.85,6.62,20.59,59.4,20.01,0,56,0,"1,01,547",0,0,"1,01,603","5,32,266"
4,GOA,2018,1,4,2,16,320,338,1,0.27,3.29,0.0058,0.0058,325.04,77.29,22.71,0,0,34.22,0,65.78,1.47,98.23,0.3,0,0,0,10,0,0,10,28
5,GUJARAT,2018,1,4,2,5,53,53,0,0.05,0.8867,0.4278,0.4278,19.59,96.23,3.77,0,0,0,35.85,64.15,32.08,67.92,0,0,0,0,0,0,0,0,0
6,HARYANA,2018,1,4,22,"6,778","6,36,890","7,02,607","5,569",965.15,"13,585.01","25,564.42","17,740.24","6,79,259.90",92.49,7.46,0.05,1.01,0.11,19.28,79.6,16.22,62.81,20.97,0,"6,375",0,"74,029",0,0,"80,404","2,99,343"
7,HIMACHAL PRADESH,2018,1,4,10,126,"82,359","85,964",986,31.49,165.67,10.65,10.65,"9,446.29",92.29,7.66,0.05,5.86,2.34,10.01,81.79,35.65,51.93,12.42,0,0,0,678,0,0,678,"27,564"
8,JAMMU AND KASHMIR,2018,1,4,10,148,"83,708","84,387","2,274",62.75,"1,117.01","1,800.70","1,800.70","55,850.43",96.41,3.54,0.05,5.62,2.96,8.12,83.3,29.48,54.25,16.27,0,194,0,"2,190",0,0,"2,384","21,000"
9,JHARKHAND,2018,1,4,24,"4,338","9,59,240","1,41,993","10,78,426",571.47,0,"22,472.79","16,138.34","3,18,753.60",74.93,25,0.07,5.9,26.31,52.22,15.57,13.47,83.7,2.83,0,1,0,"73,814",0,0,"73,815","5,58,245"
10,KARNATAKA,2018,1,4,30,"21,141","21,11,355","6,63,419","14,47,936",2.24,0.1928,0.7181,0.7181,8.64,81.16,18.84,0,4.42,2.91,20.47,72.2,19.91,51.65,28.44,0,0,0,0,0,0,0,0
11,KERALA,2018,1,4,14,391,"6,549","7,244",15,6.95,120.38,65.96,65.96,"5,579.59",57.12,39.07,3.81,0.95,0.12,26.26,72.67,40.79,47.24,11.97,834,4,0,63,0,0,901,"4,505"
12,MADHYA PRADESH,2018,1,4,51,"19,435","30,00,178","33,73,616","1,28,194","6,905.58","50,801.43","1,69,124.59","1,69,124.59","24,77,834.60",87.28,12.58,0.14,5.98,14,53.34,26.68,17.11,54.1,28.79,0,"2,851",0,"1,96,598",0,0,"1,99,449","8,30,637"
13,MAHARASHTRA,2018,1,4,34,"2,137","45,05,252","15,29,041","80,04,354","5,450.94","48,695.81","1,76,950.52","1,76,950.52","19,02,275.97",81.96,18,0.04,4.64,1.82,34.56,58.98,14.37,73.64,11.99,0,933,"1,865","3,48,357",0,0,"3,51,155","25,76,008"
14,ODISHA,2018,1,4,30,"7,005","17,82,706","17,46,843","2,74,965","1,423.68","16,719.55","47,381.42","47,381.42","8,34,046.64",87.06,12.91,0.03,10.63,11.87,55.87,21.63,10.98,84.6,4.42,"1,415",20,"1,843","1,09,677",17,0,"1,12,972","5,15,773"
15,PUDUCHERRY,2018,1,4,1,1,1,2,0,0,0.02,0.0404,0.0404,1,0,100,0,0,0,100,0,100,0,0,0,0,0,0,0,0,0,0
16,RAJASTHAN,2018,1,4,33,"11,285","20,42,794","41,17,050","5,565","4,606.79","33,387.97","1,01,718.84","1,01,718.84","14,78,228.97",88.57,11.25,0.18,8.69,7.2,62.23,21.88,18.58,45.07,36.35,"12,900",77,73,"2,49,812",4,0,"2,62,866","9,34,919"
17,SIKKIM,2018,1,4,4,35,188,182,30,0.1,2.73,0,0,114.29,84.43,15.57,0,3.77,26.89,48.58,20.76,52.83,41.04,6.13,0,0,0,0,0,0,0,3
18,TAMIL NADU,2018,1,4,30,"9,466","1,45,269","95,438","1,30,359",150.35,"2,607.80","2,061.62","2,061.62","1,01,027.94",83.39,16.54,0.07,5.76,0.58,45.43,48.23,13.94,77.07,8.99,0,3,0,"11,212",0,0,"11,215","68,986"
19,TELANGANA,2018,1,4,30,"7,653","4,47,953","4,15,499","61,975",461.25,"7,635.07","7,805.99","7,805.99","3,59,093.91",71.37,28.57,0.06,9.16,7.73,54.45,28.66,13.09,76.85,10.06,0,5,0,"27,078",0,0,"27,083","71,447"
20,UTTAR PRADESH,2018,1,4,75,"51,916","27,65,878","30,92,119","78,247","2,727.10","20,753.34","29,434.84","29,434.84","10,37,674.24",91.46,8.5,0.04,7.04,0.6,29.22,63.14,27.98,61.31,10.71,0,"1,317","1,083","42,188",0,0,"44,588","4,52,588"
21,UTTARAKHAND,2018,1,4,13,219,"85,760","76,501","15,263",53.74,451.83,41.45,41.45,"38,239.42",91.23,8.73,0.04,8.36,10.98,14.09,66.57,20.45,72,7.55,0,85,0,695,0,0,780,"27,884"
22,WEST BENGAL,2018,1,4,22,"3,326","18,96,422","15,03,693","9,41,540",972.69,0,"17,438.17","5,763.64","6,06,424.86",88.73,11.25,0.02,9.93,1.34,7.79,80.94,26.26,61.55,12.19,0,0,0,"9,760",0,0,"9,760","1,31,346"
1,ANDHRA PRADESH,2018,1,2,9,351,"7,16,971","7,28,726","18,703","1,151.45","12,040.86","28,619.72","28,619.72","5,63,634.70",68.8,31.14,0.06,6.58,3.18,49.87,40.37,15.19,65.74,19.07,0,0,0,0,0,"74,551","74,551","7,13,248"
2,CHHATTISGARH,2018,1,2,27,313,"6,101","2,648","4,531",5.63,283.48,"1,064.79","1,064.79","5,669.58",91,8.98,0.02,4.11,26.45,51.97,17.47,6.21,69.81,23.98,0,0,0,0,0,820,820,"5,751"
3,HIMACHAL PRADESH,2018,1,2,8,33,"9,153","9,441",153,1.41,73.68,40.13,40.13,"1,473.55",93.52,6.44,0.04,11.91,1.36,12.52,74.21,45.29,51.69,3.02,0,0,0,0,0,152,152,"9,139"
4,KARNATAKA,2018,1,2,30,"10,368","1,93,618","1,60,458","33,160",0.09,0.0575,0.1438,0.1438,1.14,85.54,14.46,0,2.13,4.14,17.16,76.57,17.73,40.11,42.16,0,0,0,0,0,0,0,0
5,KERALA,2018,1,2,12,347,"17,379","17,696","1,340",13.45,174.01,427.48,427.48,"6,771.18",73.05,26.7,0.25,1.15,0.39,63.38,35.08,25.15,54.26,20.59,0,0,0,0,0,634,634,"15,546"
6,MADHYA PRADESH,2018,1,2,48,457,"1,12,026","1,23,710","2,456",79.58,"3,667.14","2,439.21","2,439.21","73,342.87",85.43,14.49,0.08,2.21,29.9,52.3,15.59,18.63,61.46,19.91,0,0,0,0,0,"18,496","18,496","1,11,524"
7,MAHARASHTRA,2018,1,2,25,799,"1,15,948","60,544","63,415",110.61,"6,016.66","27,419.50","27,419.50","1,20,333.26",84.47,15.49,0.04,10.61,0.63,19.1,69.66,13.19,65.81,21,0,0,0,0,0,"61,843","61,843","1,14,604"
8,RAJASTHAN,2018,1,2,16,16,"34,159","35,693",3,24.18,"1,198.39","1,879.46","1,879.46","23,967.77",90.79,9.12,0.09,7.11,7.06,65.97,19.86,26.24,41.55,32.21,0,0,0,0,0,"5,038","5,038","33,347"
9,TELANGANA,2018,1,2,29,465,"1,19,407","1,09,861","12,201",121.55,"5,617.86","10,255.00","10,255.00","1,12,357.30",71.18,28.75,0.07,8.74,16.4,50.35,24.51,14.46,73.49,12.05,0,0,0,0,0,"21,291","21,291","1,09,626"
10,UTTAR PRADESH,2018,1,2,11,52,"4,774","4,890",1,2.54,141.11,220.79,220.79,"2,822.19",91.58,8.36,0.06,1.74,0.18,19.06,79.02,15.91,77.06,7.03,0,0,0,0,0,304,304,"4,773"
11,UTTARAKHAND,2018,1,2,11,106,"36,671","38,036","3,625",20.51,824.67,"1,394.80","1,394.80","16,493.40",96.73,3.25,0.02,16.35,11.33,9.35,62.97,14.19,83.03,2.78,0,0,0,0,0,"3,987","3,987","36,548"
12,WEST BENGAL,2018,1,2,9,20,779,783,0,0.05,12.17,14.94,14.94,243.38,89.78,10.22,0,2.68,0,1.02,96.3,48.79,47.64,3.57,0,0,0,0,0,33,33,738
1,ANDHRA PRADESH,2018,2,4,13,"6,364","4,63,577","1,36,809","6,40,907",579.17,"4,501.54","11,830.76","11,830.76","2,85,773.17",71.4,28.56,0.04,4.95,1,31.97,62.08,15.4,72.32,12.28,353,35,0,"59,859",0,0,"60,247","3,34,272"
2,ASSAM,2018,2,4,24,103,"46,129",0,"49,617",32.29,20.94,658.06,248.87,"21,623.81",86.27,13.7,0.03,2.2,3.6,4.56,89.64,18.18,61.59,20.23,0,0,0,270,0,0,270,"7,147"
3,CHHATTISGARH,2018,2,4,25,"3,789","1,68,584","1,36,142","54,088",272.28,"1,316.15","2,767.47","2,767.47","87,743.73",89.26,10.61,0.13,7.63,11.99,72.34,8.04,19.22,58.32,22.46,0,110,0,"5,520",0,0,"5,630","61,845"
4,GOA,2018,2,4,1,1,1,1,0,0,0.005,0.0025,0.0025,0.3337,100,0,0,0,0,0,100,100,0,0,0,0,0,0,0,0,0,0
5,GUJARAT,2018,2,4,12,56,139,181,84,0.23,2.19,0.5823,0.5823,90.14,89.43,10.57,0,3.02,0.75,85.66,10.57,0.38,44.53,55.09,0,0,0,0,0,0,0,0
6,HARYANA,2018,2,4,22,"6,817","6,72,132","7,69,039","4,273","1,090.45","10,221.64","8,508.04","8,508.04","6,95,396.91",92.36,7.6,0.04,0.93,0.1,19.84,79.13,16.4,61.52,22.08,0,976,0,"13,151",0,0,"14,127","92,948"
7,HIMACHAL PRADESH,2018,2,4,10,131,"85,540","86,404",797,33.17,149.21,344.71,344.71,"9,947.22",92.31,7.65,0.04,5.7,2.45,10.02,81.83,35.13,52.68,12.19,0,0,0,"3,397",0,0,"3,397","14,159"
8,JAMMU AND KASHMIR,2018,2,4,10,145,"66,354","66,810",522,48.11,577.36,"1,198.09","1,198.09","38,490.77",96.43,3.53,0.04,6.33,3.2,3.75,86.72,33.02,50.39,16.59,0,128,0,200,0,0,328,"6,670"
9,JHARKHAND,2018,2,4,24,"2,611","71,314","71,829","1,289",60.86,446.56,341.57,341.57,"30,948.21",86.61,13.33,0.06,14.23,23.39,40.45,21.93,23.11,72.05,4.84,0,0,0,"1,300",0,0,"1,300","11,564"
10,KARNATAKA,2018,2,4,30,"9,088","5,64,692","64,891","4,99,801",0.73,0.0368,0.1758,0.1758,2.43,84.16,15.84,0,3.16,1.85,16.6,78.39,15.78,46.11,38.11,0,0,0,0,0,0,0,0
11,KERALA,2018,2,4,14,442,"7,518","8,504",72,8.11,137.16,95.02,95.02,"7,562.36",58.96,39.19,1.85,0.43,0.07,18.12,81.38,37.62,54.69,7.69,0,11,0,88,0,0,99,601
12,MADHYA PRADESH,2018,2,4,51,"18,789","25,09,388","33,52,927","1,63,418","6,012.47","33,333.02","60,083.47","60,083.47","22,22,202.56",88.26,11.58,0.16,6.42,5.87,55.39,32.32,17,49.67,33.33,0,96,0,"1,45,094",0,0,"1,45,190","7,40,683"
13,MAHARASHTRA,2018,2,4,31,"1,674","23,88,824","1,51,602","48,00,177","3,077.77","12,440.52","38,103.62","38,103.62","7,65,465.55",81.63,18.35,0.02,4.55,0.78,31.1,63.57,13.55,74.4,12.05,"30,964","1,834",0,"94,197",0,0,"1,26,995","16,22,528"
14,ODISHA,2018,2,4,29,711,"69,271","67,853","12,872",71.17,662.45,91.48,91.48,"45,824.89",89.95,10.01,0.04,9.54,8.43,59.48,22.55,14.54,75.2,10.26,0,0,0,"3,048",0,0,"3,048","9,309"
15,PUDUCHERRY,2018,2,4,2,17,101,0,308,0.13,1.1,1.52,1.52,73.41,74.03,25.97,0,1.95,0,44.48,53.57,40.91,57.14,1.95,0,0,0,0,0,0,0,0
16,RAJASTHAN,2018,2,4,33,"10,606","16,61,415","29,73,439","1,451","3,101.53","25,227.12","43,973.15","43,973.15","13,99,996.37",88.63,11.24,0.13,8.09,9.22,62.04,20.65,19.75,50.07,30.18,0,25,0,"64,249",169,0,"64,443","3,28,954"
17,TAMIL NADU,2018,2,4,31,"14,751","11,53,034","4,33,382","18,86,646","1,374.52","14,394.37","71,872.16","71,872.16","8,45,644.10",72.87,27.08,0.05,10.87,0.21,44,44.92,12.13,79.23,8.64,"10,378",0,0,"2,43,552",0,0,"2,53,930","8,71,768"
18,TELANGANA,2018,2,4,30,"7,174","1,81,968","1,65,430","33,476",208.18,"2,297.38","1,415.80","1,415.80","1,46,061.97",72.24,27.72,0.04,8.79,9.45,54.5,27.26,16.19,66.58,17.23,0,77,0,"8,004",0,0,"8,081","39,601"
19,TRIPURA,2018,2,4,7,49,"2,015",65,"2,017",0.33,4.95,2.02,2.02,216.27,88.76,11.24,0,19.79,23.87,15.61,40.73,20.03,67.24,12.73,0,0,0,2,0,0,2,155
20,UTTAR PRADESH,2018,2,4,75,"53,600","26,46,731","28,86,789","78,714","2,417.96","20,225.41","25,169.58","25,169.58","11,51,315.21",91.28,8.67,0.05,7.05,0.61,29.62,62.72,27.81,62.39,9.8,0,210,0,"1,685",19,0,"1,914","38,651"
21,UTTARAKHAND,2018,2,4,13,229,"43,934","38,602","7,766",30.45,330.45,271.23,271.23,"22,029.77",90.11,9.83,0.06,7.89,16.67,11.7,63.74,28.7,61.36,9.94,0,11,0,10,0,0,21,"1,391"
22,WEST BENGAL,2018,2,4,22,"3,109","20,45,650","13,71,186","13,21,546",944.18,"8,521.23","24,425.00","14,793.67","8,08,635.35",87.97,12.01,0.02,10.92,1.23,7.7,80.15,29.88,61.02,9.1,0,0,"7,959","35,936",11,0,"43,906","4,31,847"
1,ANDHRA PRADESH,2018,2,2,13,361,"11,828","11,086","3,277",450.97,535.92,483.44,483.44,"10,718.46",74.26,25.73,0.01,2.99,3.7,38.63,54.68,22.63,52.91,24.46,0,0,0,0,0,"1,223","1,223","9,122"
2,CHHATTISGARH,2018,2,2,27,340,"7,721","2,045","7,002",4.14,193.34,377.5,377.5,"3,866.75",91.65,8.3,0.05,5.17,37.37,45.94,11.52,5.48,77.66,16.86,0,0,0,0,0,626,626,"6,376"
3,HIMACHAL PRADESH,2018,2,2,11,"1,259","81,624","83,391",203,"6,362.02","2,564.91","2,077.32","2,077.32","51,298.11",90.91,9.04,0.05,10.58,8.29,1.84,79.29,45.08,47.24,7.68,0,0,0,0,0,0,0,"72,769"
4,KARNATAKA,2018,2,2,30,"1,629","6,619","1,272","5,347",0.01,0.0045,0.013,0.013,0.0906,85.3,14.7,0,3.85,1.02,23.33,71.8,10.28,36.5,53.22,0,0,0,0,0,0,0,0
5,KERALA,2018,2,2,10,190,"19,509","13,835","8,267",14.69,183.83,899.9,899.9,"11,670.77",68.55,31.25,0.2,1.9,0.1,67.09,30.91,13.46,66.91,19.63,0,0,0,0,0,"1,039","1,039","15,489"
6,MADHYA PRADESH,2018,2,2,50,677,"1,92,759","2,81,634","15,038",221.67,"6,415.69","2,794.81","2,794.81","1,33,741.77",89.75,10.12,0.13,5.51,2.99,58.53,32.97,17.6,38.41,43.99,0,0,0,0,0,"14,918","14,918","1,50,592"
7,MAHARASHTRA,2018,2,2,30,"1,241","2,01,740","85,975","1,40,462",197.24,"11,680.40","23,015.93","23,015.93","2,33,607.93",83.82,16.13,0.05,3.51,0.84,28.9,66.75,14.86,70.62,14.52,0,0,0,0,0,"72,234","72,234","1,69,204"
8,RAJASTHAN,2018,2,2,20,20,"58,336","60,344",1,34.79,"1,931.35","2,596.36","2,596.36","38,627.11",92.38,7.58,0.04,4.99,10.85,66.58,17.58,17.35,31.51,51.14,0,0,0,0,0,"11,843","11,843","48,771"
9,TELANGANA,2018,2,2,30,200,623,335,345,200.99,49.52,0.579,0.579,990.37,81.91,18.09,0,3.38,4.71,37.06,54.85,9.71,46.32,43.97,0,0,0,0,0,41,41,350
10,UTTARAKHAND,2018,2,2,13,78,"11,247","8,924","4,167",455.47,492.4,995.92,995.92,"9,847.94",94.68,5.29,0.03,5.66,15.29,18.94,60.11,26.71,60.84,12.45,0,0,0,0,0,"2,449","2,449","10,588"
11,WEST BENGAL,2018,2,2,18,58,797,775,53,0.33,16.68,35.95,35.95,354.32,93.24,6.76,0,18.12,1.33,10.75,69.8,11.84,41.67,46.49,0,0,0,0,0,0,0,0
1,ANDHRA PRADESH,2019,1,4,13,"11,911","10,30,852","10,70,831","8,16,557","1,128.41",12.04,"58,217.54","31,147.80","9,21,478.23",72.08,27.88,0.04,4.34,2.23,45.79,47.64,18.5,75.68,5.82,"37,850",1,0,"26,819",1,0,"64,671","2,36,028"
2,ASSAM,2019,1,4,27,163,"3,66,657","25,584","3,56,805",240.46,75.69,"4,280.32","1,462.38","1,42,285.93",81.61,18.35,0.04,2.73,8.21,11.86,77.2,42.18,52.68,5.14,0,0,0,"2,513",0,0,"2,513","53,728"
3,CHHATTISGARH,2019,1,4,27,"18,559","13,24,319","33,59,308","3,30,821","2,199.62","16,367.22","49,076.90","49,076.90","8,18,361.35",89.02,10.89,0.09,9.74,22.06,63.13,5.07,22.5,52.6,24.9,0,90,0,"64,349",240,0,"64,679","4,21,243"
4,GOA,2019,1,4,2,2,109,732,9,0.1,1.93,0.326,0.326,75.49,85.96,14.04,0,1.48,1.21,19.3,78.01,9.85,8.37,81.78,0,0,0,1,0,0,1,47
5,GUJARAT,2019,1,4,2,2,2,10,1,0.01,0.1697,0.0008,0.0008,4.51,100,0,0,0,0,81.82,18.18,9.09,90.91,0,0,0,0,0,0,0,0,0
6,HARYANA,2019,1,4,22,"6,839","6,83,796","8,05,417","14,323","1,124.45","16,720.27","39,968.34","28,985.67","8,35,994.45",91.84,8.12,0.04,0.68,0.05,14.57,84.7,18.86,61.9,19.24,0,304,0,"57,916",140,0,"58,360","2,16,674"
7,HIMACHAL PRADESH,2019,1,4,10,128,"87,228","90,508","1,149",34.04,204.23,139.26,139.26,"10,211.52",92.33,7.64,0.03,5.39,2.59,8.64,83.38,36.96,56.6,6.44,0,0,0,622,0,0,622,"40,530"
8,JHARKHAND,2019,1,4,24,"4,367","8,81,800","1,52,373","8,96,547",613.18,9.9,"20,927.83","13,799.25","3,56,922.16",74.57,25.37,0.06,5.73,23.36,45.57,25.34,10.22,86.3,3.48,0,0,0,"2,648",0,0,"2,648","48,638"
9,KARNATAKA,2019,1,4,30,"13,714","14,16,719","5,97,612","8,19,107",1.22,0.1333,0.5913,0.5913,5.5,79.73,20.27,0,4.25,2.59,21.71,71.45,21.89,53.95,24.16,0,0,0,0,0,0,0,0
10,KERALA,2019,1,4,14,360,"6,008","7,665",350,5.09,104.24,136.71,136.71,"5,056.08",65.09,34.36,0.55,0.55,0.11,24.52,74.82,42.35,54.22,3.43,0,6,503,442,0,0,951,"3,970"
11,MADHYA PRADESH,2019,1,4,52,"19,363","25,21,830","40,90,887","50,629","6,305.71","37,140.66","1,17,216.73","1,17,216.73","17,42,592.39",87.99,11.87,0.14,5.14,12,57.58,25.28,13.97,52.91,33.12,0,"1,290",0,"5,89,000",0,0,"5,90,290","16,84,733"
12,MAHARASHTRA,2019,1,4,34,"2,207","47,33,574","14,78,894","1,11,46,764","6,702.94","57,631.20","1,96,147.22","1,96,147.22","22,97,730.04",81.2,18.78,0.02,5,1.98,33.37,59.65,10.09,81.59,8.32,"11,914",459,0,"5,28,613","24,804",0,"5,65,790","44,01,791"
13,MANIPUR,2019,1,4,7,13,"2,522",671,"2,585",2.55,34.68,45.61,45.61,"1,734.16",67.51,32.49,0,12.1,1.84,27.33,58.73,43.83,55.84,0.33,0,0,0,114,0,0,114,"2,474"
14,MEGHALAYA,2019,1,4,6,8,605,607,0,0.31,8.59,0.1947,0.1947,230.91,47.94,51.89,0.17,0,97.2,2.64,0.16,52.06,47.78,0.16,0,0,0,18,0,0,18,542
15,ODISHA,2019,1,4,30,"7,059","19,92,223","28,73,921","18,03,699","1,805.86","23,562.34","94,470.30","94,470.30","11,77,179.97",84.5,15.47,0.03,9.19,15.12,58.47,17.22,16.35,76.66,6.99,0,0,212,"1,08,564",0,0,"1,08,776","3,96,089"
16,RAJASTHAN,2019,1,4,33,"11,249","21,78,082","45,33,655","60,040","5,637.29","37,559.00","1,48,319.21","1,48,319.21","16,43,252.52",88.97,10.86,0.17,8.26,7.68,62.2,21.86,17.9,46.72,35.38,0,"2,922","3,315","3,16,139","1,368",0,"3,23,744","11,03,412"
17,TAMIL NADU,2019,1,4,31,"9,217","1,42,102","1,39,601","1,93,303",151.18,"2,779.79","4,772.21","4,772.21","1,06,474.28",80.91,19.06,0.03,4.86,0.48,47.34,47.32,15.92,74.52,9.56,449,3,0,"16,276",0,0,"16,728","87,209"
18,TELANGANA,2019,1,4,32,"8,493","4,80,235","4,57,788","83,703",513.37,"8,610.47","9,938.91","9,938.91","4,08,498.72",71.63,28.32,0.05,9.03,8.25,52.38,30.34,20.72,70.39,8.89,0,0,0,"5,740",5,0,"5,745","43,064"
19,TRIPURA,2019,1,4,8,"1,022","27,392","1,949","27,819",5.05,60.82,9.87,9.87,"3,041.25",86.26,13.74,0,10.74,25.89,10.29,53.08,9.74,83.17,7.09,0,0,0,70,0,0,70,"6,432"
20,UTTAR PRADESH,2019,1,4,75,"51,428","19,07,316","22,75,089","1,06,918","1,883.44","15,886.00","27,912.87","27,912.87","7,94,303.55",90.78,9.17,0.05,6.31,0.75,37.85,55.09,35.09,56.66,8.25,0,149,519,"77,569",69,0,"78,306","4,19,947"
21,UTTARAKHAND,2019,1,4,13,234,"79,371","71,407","18,555",49.39,597.36,46.22,46.22,"35,700.03",90,9.97,0.03,8.77,11.52,16.74,62.97,23.63,70.56,5.81,0,0,0,259,0,0,259,"18,486"
1,ANDHRA PRADESH,2019,1,2,9,338,"5,58,068","7,11,716","1,89,295",877.27,5.71,"38,901.51","19,186.61","6,05,967.02",73.24,26.69,0.07,5.44,3.33,45.93,45.3,19.89,59.61,20.5,0,0,0,0,0,"60,075","60,075","5,00,663"
2,CHHATTISGARH,2019,1,2,27,325,"6,781","5,874","5,599",6.88,363.15,987.85,987.85,"7,263.00",90.26,9.72,0.02,4.36,19.92,57.21,18.51,8.04,58.15,33.81,0,0,0,0,0,"1,926","1,926","6,693"
3,HIMACHAL PRADESH,2019,1,2,10,38,"12,225","12,657",126,2.55,125.37,55,55,"2,507.45",93.24,6.72,0.04,11.51,2.11,5.36,81.02,51.96,45.11,2.93,0,0,0,0,0,234,234,"11,203"
4,KARNATAKA,2019,1,2,30,"7,791","2,38,573","1,88,418","50,155",0.1,0.0607,0.1587,0.1587,1.21,85.5,14.5,0,1.85,2.19,20.24,75.72,21.68,39.11,39.21,0,0,0,0,0,0,0,0
5,KERALA,2019,1,2,12,339,"17,913","17,732","3,715",13.77,261.24,"1,634.37","1,634.37","10,650.01",72.5,27.39,0.11,0.73,0.23,68.41,30.63,22.11,73.48,4.41,0,0,0,0,0,"4,454","4,454","16,027"
6,MADHYA PRADESH,2019,1,2,42,341,"76,794","90,623",376,63.23,"2,331.80","2,487.00","2,487.00","46,636.11",84.23,15.69,0.08,2.24,18.29,64.84,14.63,22.06,53.94,24,0,0,0,0,0,"6,932","6,932","74,320"
7,MAHARASHTRA,2019,1,2,25,870,"2,02,013","78,223","1,57,067",194.66,"10,279.71","9,381.93","9,381.93","2,05,594.23",83.01,16.96,0.03,6.26,0.54,22.28,70.92,10.61,74.66,14.73,0,0,0,0,0,"29,684","29,684","1,27,509"
8,RAJASTHAN,2019,1,2,10,237,"11,288","12,067",0,13.6,293.77,327.39,327.39,"5,875.47",92.74,7.09,0.17,12.7,3.07,43.57,40.66,9.1,17.21,73.69,0,0,0,0,0,185,185,"10,851"
9,TELANGANA,2019,1,2,31,510,"2,50,777","2,07,423","66,008",272.53,"12,336.13","19,646.49","19,646.49","2,46,722.71",71.62,28.33,0.05,9.09,17.76,47.56,25.59,19.52,72.19,8.29,0,0,0,0,0,"43,511","43,511","2,33,637"
10,UTTAR PRADESH,2019,1,2,15,60,"5,782","5,865",140,2.81,180.39,234.44,234.44,"3,647.87",92.69,7.31,0,1.67,0.1,14.69,83.54,15.09,79.35,5.56,0,0,0,0,0,346,346,"5,432"
11,UTTARAKHAND,2019,1,2,11,101,"41,384","43,100","4,734",25.5,"1,018.52","1,703.24","1,703.24","20,472.88",96.49,3.49,0.02,16.96,8.73,7.42,66.89,15.13,83.46,1.41,0,0,0,0,0,"4,755","4,755","40,608"
1,ASSAM,2019,2,4,25,155,"3,60,274","6,786","6,13,381",327.56,326.96,"7,250.20",983.1,"2,64,643.48",75.02,24.94,0.04,3.7,4.18,9.2,82.92,31.22,66.43,2.35,0,0,0,"8,372",0,0,"8,372","1,28,316"
2,CHHATTISGARH,2019,2,4,25,"4,127","1,35,185","2,63,367","39,241",219.45,"1,068.56","2,376.78","2,376.78","71,237.56",91.17,8.74,0.09,9.22,7.84,74.04,8.9,20.68,51.38,27.94,0,328,0,"62,654",0,0,"62,982","1,27,902"
3,GOA,2019,2,4,2,6,49,145,0,0.04,0.3006,0.4339,0.4339,20.04,80,20,0,0,9.66,48.97,41.37,55.17,17.93,26.9,0,0,0,0,0,0,0,0
4,GUJARAT,2019,2,4,10,37,261,26,320,0.07,0.4394,0.2504,0.2504,22.93,91.91,8.09,0,5.2,9.25,41.62,43.93,4.34,90.75,4.91,0,0,0,0,0,0,0,1
5,HARYANA,2019,2,4,22,"6,847","6,90,061","8,73,749","17,112","1,125.82","10,157.33","13,163.55","13,163.55","6,77,156.54",91.65,8.31,0.04,0.59,0.05,14.09,85.27,19.35,57.79,22.86,0,"5,616",0,"26,393",7,0,"32,016","2,33,819"
6,HIMACHAL PRADESH,2019,2,4,10,129,"88,923","90,983",879,34.47,155.1,386.58,386.58,"10,341.37",92.24,7.75,0.01,5.26,2.67,8.57,83.5,37.24,56.2,6.56,0,0,0,"3,856",0,0,"3,856","39,648"
7,JHARKHAND,2019,2,4,24,"2,229","41,121","34,557","8,676",31.9,269.55,293.07,293.07,"17,001.06",80.31,19.64,0.05,12.57,26.25,39.23,21.95,37.87,59.47,2.66,0,0,0,138,0,0,138,"2,983"
8,KARNATAKA,2019,2,4,30,"1,483","10,611","7,374","3,237",0.01,0.0012,0.0011,0.0011,0.0821,83.1,16.9,0,2.15,2.33,23,72.52,15.34,40.96,43.7,0,0,0,0,0,0,0,0
9,KERALA,2019,2,4,14,322,"6,831","9,204",293,5.63,86.98,55.45,55.45,"5,005.90",62.71,36.93,0.36,0.53,0.04,18.78,80.65,40.8,55.55,3.65,0,9,0,42,0,0,51,446
10,MADHYA PRADESH,2019,2,4,52,"19,029","20,02,944","37,48,108","24,913","5,167.26","21,885.92","41,421.16","41,421.16","14,59,798.80",89.13,10.71,0.16,5.11,6.06,59.53,29.3,13.35,49.23,37.42,0,0,0,"5,673",0,0,"5,673","69,975"
11,MAHARASHTRA,2019,2,4,21,"2,718","6,53,818","81,660","13,67,599",798.41,"3,702.74","19,037.36","19,037.36","2,20,457.97",79.98,19.99,0.03,3.64,0.97,20.49,74.9,6.73,86.58,6.69,0,"8,802",0,728,31,0,"9,561","13,308"
12,ODISHA,2019,2,4,30,893,"62,559","1,88,311","12,933",65.72,662.76,211.16,211.16,"44,314.57",91.69,8.2,0.11,6.88,7.42,66.33,19.37,13.48,72.1,14.42,0,0,0,"9,926",0,0,"9,926","29,274"
13,PUDUCHERRY,2019,2,4,2,107,"8,306",6,"12,008",9.25,108.45,156.05,156.06,"6,240.84",66.87,33.07,0.06,8.63,0.16,47,44.21,0.32,99.5,0.18,0,0,0,0,0,0,0,0
14,RAJASTHAN,2019,2,4,33,"10,544","20,61,937","39,09,736","32,709","4,137.81","34,716.39","67,753.17","67,753.17","18,45,084.78",88.73,11.1,0.17,7.98,8.93,62.25,20.84,19.16,49.06,31.78,0,"4,445","4,299","1,51,496",3,0,"1,60,243","4,73,454"
15,SIKKIM,2019,2,4,2,3,21,20,1,0,0.1553,0,0,7.77,76.19,23.81,0,9.52,90.48,0,0,0,100,0,0,0,0,0,0,0,0,0
16,TAMIL NADU,2019,2,4,31,"14,142","10,39,810","7,73,966","27,86,958","1,272.88","14,976.73","84,345.30","84,345.30","8,46,226.41",70.84,29.12,0.04,9.55,0.18,43.43,46.84,11.76,81.84,6.4,0,0,0,"1,09,662",0,0,"1,09,662","5,39,558"
17,TELANGANA,2019,2,4,32,"6,967","2,05,452","2,09,970","9,182",228.51,"3,004.07","2,501.13","2,501.13","1,91,148.77",72.28,27.67,0.05,9.04,10.29,53.74,26.93,27.97,58.03,14,0,313,0,"1,723",0,0,"2,036","16,734"
18,TRIPURA,2019,2,4,8,71,"6,314","1,505","5,109",1.04,14.78,5.64,5.64,675.92,87.74,12.26,0,16.5,29.92,18.25,35.33,17.78,72.62,9.6,0,0,0,20,0,0,20,"2,429"
19,UTTAR PRADESH,2019,2,4,75,"53,385","19,04,033","22,51,745","74,453","1,803.54","16,130.67","21,391.05","21,391.05","9,19,768.65",91.72,8.23,0.05,5.91,0.7,36.65,56.74,36.72,55,8.28,0,"2,160",379,"25,027",31,0,"27,597","2,96,756"
20,UTTARAKHAND,2019,2,4,13,236,"47,437","40,171","13,004",32.33,355.24,337.36,337.36,"23,682.55",89.45,10.53,0.02,7.59,15.56,9.98,66.87,27.58,65.64,6.78,0,101,0,514,0,0,615,"8,231"
1,CHHATTISGARH,2019,2,2,27,582,"7,761","5,995","6,930",5.99,275.71,814.3,814.3,"5,514.30",92.38,7.59,0.03,3.58,25.32,49.14,21.96,8.6,61.54,29.86,0,0,0,0,0,832,832,"7,404"
2,HIMACHAL PRADESH,2019,2,2,11,"1,250","82,530","87,142",60,"6,431.11","2,589.52","2,047.33","2,047.33","51,795.07",90.88,9.09,0.03,10.34,8.14,2.84,78.68,44.49,49.49,6.02,0,0,0,0,0,323,323,"82,210"
3,KERALA,2019,2,2,11,221,"16,371","12,249","6,927",12.69,159.27,"1,492.56","1,492.56","10,068.21",69.57,30.32,0.11,1.42,0.06,72.84,25.68,10.86,81.95,7.19,0,0,0,0,0,"3,291","3,291","16,189"
4,MADHYA PRADESH,2019,2,2,50,630,"1,26,986","2,52,284","3,780",160.42,"3,688.91","2,103.74","2,103.74","73,778.42",91.49,8.41,0.1,4.29,2.55,63.91,29.25,12.08,30.91,57.01,0,0,0,0,0,"12,395","12,395","1,10,962"
5,MAHARASHTRA,2019,2,2,30,"1,302","2,05,642","1,09,645","1,46,379",227.63,"14,699.75","48,922.34","48,922.34","2,93,995.06",84.09,15.87,0.04,4.14,1.06,32.05,62.75,15.17,71.1,13.73,0,0,0,0,0,"82,725","82,725","1,44,740"
6,RAJASTHAN,2019,2,2,22,951,"63,734","68,306",5,38.85,"1,816.79","3,301.80","3,301.80","36,335.76",91.49,8.43,0.08,6.08,8,69.54,16.38,22.42,34.02,43.56,0,0,0,0,0,"11,406","11,406","58,959"
7,TELANGANA,2019,2,2,29,150,604,470,375,121.41,36.03,10.69,10.69,720.61,81.66,18.34,0,9.23,8.52,31.95,50.3,19.29,46.63,34.08,0,0,0,0,0,43,43,367
8,UTTAR PRADESH,2019,2,2,17,41,"3,555","3,678",71,3.09,107.37,132.92,132.92,"2,147.47",90.8,9.2,0,8.22,0.51,53.05,38.22,36.68,52.84,10.48,0,0,0,0,0,298,298,"3,512"
9,UTTARAKHAND,2019,2,2,13,86,"15,377","9,813","11,890",886.16,849.44,"2,187.59","2,187.59","16,990.90",94.27,5.71,0.02,5.43,18.6,15.97,60,18.73,76.72,4.55,0,0,0,0,0,"4,692","4,692","14,372"
1,ANDAMAN & NICOBAR ISLANDS,2020,1,4,3,19,263,263,0,0.24,0.814,8.14,5.7,162.81,88.59,11.41,0,0,0,39.54,60.46,0.38,99.62,0,0,0,0,0,0,0,0,0
2,ASSAM,2020,1,4,27,163,"5,50,307","19,910","6,55,088",457.79,20.53,"6,059.64","5,919.19","2,61,510.04",72.45,27.51,0.04,4.28,7.24,10.37,78.11,23.94,72.94,3.12,"2,634",1,0,"2,850",0,0,"5,485","92,260"
3,CHHATTISGARH,2020,1,4,28,"18,591","13,13,022","41,63,729","2,67,857","2,077.02","16,182.96","52,908.95","52,908.95","8,09,148.14",89.29,10.61,0.1,9.84,23.6,61.27,5.29,21.32,52.71,25.97,0,97,0,"60,191",0,0,"60,288","4,20,696"
4,GOA,2020,1,4,2,12,33,84,0,0.01,0.3827,0.1089,0.1089,11.17,73.81,26.19,0,0,10.71,23.81,65.48,50,32.14,17.86,0,0,0,0,0,0,0,0
5,HARYANA,2020,1,4,23,"6,818","6,42,551","7,87,637","1,03,851","1,006.40","26,534.60","35,075.93","35,066.02","7,83,558.10",92.01,7.96,0.03,0.63,0.05,13.1,86.22,19.81,59.05,21.14,0,"2,600",0,"98,434",5,0,"1,01,039","2,62,852"
6,HIMACHAL PRADESH,2020,1,4,10,124,"85,534","88,284",383,31.96,191.74,306.43,306.43,"9,586.76",92.15,7.82,0.03,5.18,2.64,8.18,84,36.82,56.91,6.27,0,0,0,690,0,0,690,"30,999"
7,KARNATAKA,2020,1,4,30,"13,776","13,44,763","4,42,105","9,02,658",1.26,0.132,0.6221,0.5849,5.68,79.12,20.88,0,4.72,2.99,24.53,67.76,21.37,54.96,23.67,0,0,0,0,0,0,0,0
8,KERALA,2020,1,4,14,349,"8,691","10,474","3,475",6.36,120.95,288.18,288.18,"5,550.65",65.56,34.28,0.16,2.84,0.09,33.74,63.33,37.08,60.92,2,0,20,0,"1,586",0,0,"1,606","3,707"
9,MADHYA PRADESH,2020,1,4,52,"19,527","28,24,498","39,22,300","6,63,363","7,274.11","57,477.99","2,06,773.38","2,06,773.38","27,83,800.11",87.29,12.59,0.12,5.3,9.8,58.83,26.07,13.64,54.14,32.22,0,18,0,"7,08,246",0,0,"7,08,264","25,33,827"
10,MAHARASHTRA,2020,1,4,34,"2,274","42,74,947","13,82,205","93,91,389","5,761.73","53,022.84","2,43,523.32","2,24,675.71","22,08,071.12",80.76,19.21,0.03,4.61,2.45,32.17,60.77,10.21,83,6.79,0,"47,824","1,970","42,147","14,337",0,"1,06,278","9,50,522"
11,MEGHALAYA,2020,1,4,4,6,130,129,1,0.1,3.69,0.0038,0.0334,76.83,51.54,48.46,0,0,96.92,2.31,0.77,96.92,3.08,0,0,0,0,7,0,0,7,121
12,ODISHA,2020,1,4,30,"6,908","15,85,942","75,95,754","18,60,897","1,138.16","15,350.83","63,500.28","63,500.28","7,67,366.46",85.87,14.1,0.03,8.04,11.32,58.68,21.96,15.86,79.38,4.76,0,0,798,"57,738",0,0,"58,536","2,68,786"
13,PUDUCHERRY,2020,1,4,2,6,336,0,340,0.18,0.0034,7.37,4.64,136.62,64.41,35.59,0,68.53,0,9.41,22.06,0.59,99.41,0,0,0,0,54,0,0,54,327
14,RAJASTHAN,2020,1,4,33,"11,330","30,39,336","65,54,633","1,38,687","7,302.12","43,019.35","1,74,703.34","1,61,052.31","20,42,484.86",87.83,12.01,0.16,8.71,8.16,62.2,20.93,19.14,48.08,32.78,982,"2,577","2,386","2,40,972",153,0,"2,47,070","11,64,873"
15,SIKKIM,2020,1,4,3,28,46,55,1,0.02,0.6508,0,0,23.57,66.07,33.93,0,12.5,12.5,51.79,23.21,39.29,57.14,3.57,0,0,0,0,0,0,0,0
16,TAMIL NADU,2020,1,4,30,"8,571","1,87,246","72,941","5,35,313",199.4,"2,541.73","6,955.93","5,667.04","1,23,279.23",78.86,21.13,0.01,8.36,0.46,50.56,40.62,10.45,85.33,4.22,425,0,0,"16,289",0,0,"16,714","1,16,717"
17,TRIPURA,2020,1,4,8,"1,176","1,68,926","11,437","1,89,530",30.4,21.75,408.8,95.84,"20,988.16",81.4,18.57,0.03,13.1,34.75,13.8,38.35,5.44,88.36,6.2,0,1,0,232,0,0,233,"25,934"
18,UTTAR PRADESH,2020,1,4,75,"49,156","18,66,530","21,68,769","55,801","1,693.19","17,735.43","33,270.50","33,167.87","8,86,777.05",89.66,10.3,0.04,6.56,0.65,34.76,58.03,35.61,55.18,9.21,0,98,418,"29,013",9,0,"29,538","3,55,206"
19,UTTARAKHAND,2020,1,4,13,230,"44,026","28,026","20,650",14.86,219.86,90.36,90.36,"10,993.12",90.22,9.75,0.03,12.79,4.83,14.34,68.04,20.93,76.82,2.25,0,1,0,81,0,0,82,"5,152"
1,CHHATTISGARH,2020,1,2,28,556,"9,569","9,179","8,707",10.22,528.99,"2,585.14","1,174.68","10,579.71",90.04,9.95,0.01,3.99,21.4,55.08,19.53,12.7,57.81,29.49,0,0,0,0,0,"2,254","2,254","9,336"
2,HIMACHAL PRADESH,2020,1,2,7,514,"6,299","6,477",60,1.23,58.77,78.74,78.74,"1,175.40",92.93,7.04,0.03,10.28,0.37,4.42,84.93,50.8,45.6,3.6,0,0,0,0,0,51,51,"5,952"
3,KARNATAKA,2020,1,2,30,"9,722","2,82,747","2,30,444","52,303",0.12,0.071,0.3249,0.1476,1.42,82.19,17.81,0,2.12,2.65,27.08,68.15,23.9,45.89,30.21,0,0,0,0,0,0,0,0
4,KERALA,2020,1,2,12,328,"21,859","17,699","10,285",15.97,271.53,"1,772.43","1,760.89","12,733.28",69.88,30.06,0.06,0.94,0.15,77.04,21.87,22.47,75.3,2.23,0,0,0,0,0,"6,464","6,464","21,488"
5,MAHARASHTRA,2020,1,2,25,929,"1,65,801","79,835","1,31,451",149.25,"8,081.39","7,539.38","5,908.56","1,61,627.78",84.24,15.73,0.03,6.48,0.55,24.85,68.12,10.01,74.27,15.72,0,0,0,0,0,"2,216","2,216","9,183"
6,RAJASTHAN,2020,1,2,10,303,"9,874","10,555",8,12.92,220.46,255.61,255.61,"4,409.14",92.26,7.58,0.16,8.15,4.53,46.22,41.1,7.09,14.34,78.57,0,0,0,0,0,239,239,"8,792"
7,UTTAR PRADESH,2020,1,2,16,63,"4,525","4,662",22,2.29,138.17,100.85,100.84,"2,763.45",92.25,7.71,0.04,2.11,0.11,10.59,87.19,15.46,78.25,6.29,0,0,0,0,0,490,490,"4,111"
8,UTTARAKHAND,2020,1,2,11,103,"48,539","51,352","5,317",32.17,"1,294.19","2,350.34","2,350.34","25,883.72",96.35,3.62,0.03,17.19,11.06,9.6,62.15,16.29,82.77,0.94,0,0,0,0,0,"5,958","5,958","47,888"
1,ANDAMAN & NICOBAR ISLANDS,2020,2,4,1,7,44,76,0,0.02,0.0581,0.5328,0.306,11.62,86.84,13.16,0,0,0,27.63,72.37,0,100,0,0,0,0,0,0,0,0,0
2,ASSAM,2020,2,4,27,160,"8,07,163","5,125","9,75,156",616.87,25.25,"13,009.38","4,583.02","4,83,930.65",70.64,29.31,0.05,1.91,4.45,6.44,87.2,32.63,65.97,1.4,0,0,0,"13,043",0,0,"13,043","1,96,525"
3,CHHATTISGARH,2020,2,4,24,"4,547","2,35,499","5,60,043","1,36,160",358.97,"1,781.72","7,690.92","7,690.92","1,18,782.24",90.91,9.01,0.08,9.79,7.09,75.39,7.73,20.53,53.65,25.82,0,25,0,"24,262",0,0,"24,287","1,61,995"
4,HARYANA,2020,2,4,22,"6,819","5,65,178","7,36,763","30,896",891.82,"8,102.68","13,383.46","13,372.37","5,40,181.17",91.48,8.49,0.03,0.67,0.04,16.46,82.83,20.94,56.24,22.82,0,495,0,"15,050",0,0,"15,545","87,312"
5,HIMACHAL PRADESH,2020,2,4,10,127,"84,783","87,826",246,32.09,144.39,547.1,547.1,"9,626.22",92.03,7.95,0.02,5.49,2.93,7.81,83.77,36.14,57.53,6.33,0,0,0,"1,555",0,0,"1,555","63,509"
6,KARNATAKA,2020,2,4,30,"7,546","1,61,072","8,973","1,52,099",0.21,0.0103,0.0754,0.0742,0.6694,81.13,18.87,0,3.4,3.36,68.92,24.32,17.12,41.68,41.2,0,0,0,0,0,0,0,0
7,KERALA,2020,2,4,14,212,"5,062","6,979",410,4.5,65.34,61.29,61.29,"3,893.20",63.62,36.04,0.34,0.55,0.04,17.42,81.99,36.22,58.37,5.41,0,11,0,215,0,0,226,"1,658"
8,MADHYA PRADESH,2020,2,4,52,"20,995","21,51,141","38,43,430","39,808","5,746.54","33,445.69","1,09,235.97","1,09,235.97","22,29,714.55",88.85,11.01,0.14,5.06,5.71,60.12,29.11,13.67,49.07,37.26,0,41,0,"67,857",0,0,"67,898","5,76,697"
9,MAHARASHTRA,2020,2,4,32,"1,713","5,65,975","1,08,254","10,93,670",733.94,"4,231.18","29,333.74","25,247.88","2,50,973.04",81.44,18.54,0.02,2.69,0.76,29.05,67.5,9.45,81.06,9.49,0,"3,427",0,"1,343",293,0,"5,063","50,990"
10,MANIPUR,2020,2,4,1,1,15,15,0,0.01,0.2518,0.0186,0.1657,5.04,86.67,13.33,0,40,0,0,60,0,100,0,0,0,0,0,0,0,0,0
11,ODISHA,2020,2,4,30,906,"52,063","2,00,076","1,00,233",51.85,500.13,509.91,509.91,"33,836.68",88.77,11.19,0.04,5.86,8.56,65.29,20.29,15.13,74.7,10.17,0,40,0,"1,221",0,0,"1,261","5,694"
12,PUDUCHERRY,2020,2,4,2,107,"9,367",70,"11,585",8.05,7.42,272.5,178.65,"5,422.31",66.95,33.03,0.02,9.59,0.18,47.21,43.02,3.03,94.73,2.24,0,0,0,0,0,0,0,0
13,RAJASTHAN,2020,2,4,33,"10,585","21,41,014","40,09,974","19,070","4,030.85","45,916.87","1,04,424.91","98,640.77","24,13,802.94",88.19,11.67,0.14,8.13,9.65,61.14,21.08,19.68,50.11,30.21,0,"8,247",0,"1,44,989",573,0,"1,53,809","4,48,778"
14,SIKKIM,2020,2,4,1,7,22,2,27,0.01,0.066,0.0005,0.0044,4.4,75.86,24.14,0,6.9,24.14,48.28,20.68,37.93,55.17,6.9,0,2,0,0,0,0,2,6
15,TAMIL NADU,2020,2,4,36,"11,614","12,72,754","5,47,802","47,33,381","1,522.29","15,081.70","1,71,091.83","1,06,481.55","9,00,691.89",71.02,28.96,0.02,10.55,0.13,46.88,42.44,9.88,86.05,4.07,0,0,0,"2,48,669",0,0,"2,48,669","9,47,143"
16,TRIPURA,2020,2,4,8,76,"48,253","1,494","54,944",7.19,7.33,79.6,94.5,"4,984.17",83.18,16.8,0.02,7.18,13.68,9.94,69.2,22.81,75.37,1.82,0,0,0,43,0,0,43,"7,210"
17,UTTAR PRADESH,2020,2,4,75,"50,750","17,29,817","19,47,925","29,932","1,471.88","15,289.97","31,036.60","31,036.60","9,34,208.71",90.57,9.38,0.05,5.99,0.6,33.33,60.08,34.13,57.31,8.56,0,240,0,"19,939",3,0,"20,182","1,88,113"
18,UTTARAKHAND,2020,2,4,13,218,"29,878","14,775","18,091",9.86,99.37,128.33,128.33,"6,624.50",88.98,11,0.02,10.52,6.85,9.39,73.24,22.36,74.47,3.17,0,15,0,198,0,0,213,"13,018"
1,CHHATTISGARH,2020,2,2,27,478,"5,963","6,334","6,486",5.66,267.39,"1,078.52",546.99,"5,347.86",91.09,8.89,0.02,4.34,15.66,59.13,20.87,15.77,51.17,33.06,0,0,0,0,0,565,565,"3,834"
2,HIMACHAL PRADESH,2020,2,2,10,"1,238","61,968","64,858",248,"4,713.31","1,898.66","3,470.00","2,795.81","37,973.26",91.32,8.65,0.03,10.57,12.25,1.72,75.46,39.64,54.06,6.3,0,0,0,0,0,"6,193","6,193","58,744"
3,KARNATAKA,2020,2,2,30,"1,972","8,112",448,"7,664",0.01,0.0033,0.0085,0.0072,0.0659,83.43,16.57,0,4.5,1.35,69.48,24.67,13.71,27.98,58.31,0,0,0,0,0,0,0,0
4,KERALA,2020,2,2,12,198,"21,774","12,700","14,335",17.33,215.23,"1,709.57","1,709.56","13,817.68",68.37,31.56,0.07,1.09,0.04,77.17,21.7,22.41,73.32,4.27,0,0,0,0,0,"4,266","4,266","19,933"
5,MAHARASHTRA,2020,2,2,30,"1,238","1,52,518","1,03,185","1,10,257",160.96,"10,717.26","20,167.81","16,198.99","2,14,345.19",84.25,15.7,0.05,4.04,1.5,36.46,58,16.1,70.78,13.12,0,0,0,0,0,"25,422","25,422","84,822"
6,RAJASTHAN,2020,2,2,22,833,"36,979","39,199",5,21.78,"1,353.65","2,834.44","2,834.44","27,073.06",91.23,8.72,0.05,6.63,9.78,67.07,16.52,19.03,32.26,48.71,0,0,0,0,0,"4,821","4,821","20,059"
7,UTTAR PRADESH,2020,2,2,22,57,964,"1,247",101,0.7,24.09,32.21,27.94,481.82,93.55,6.45,0,6.38,0.22,46.66,46.74,48.22,36.42,15.36,0,0,0,0,0,50,50,476
8,UTTARAKHAND,2020,2,2,13,104,"21,092","8,636","24,244","1,989.86","1,716.25","3,992.48","3,992.44","34,325.06",93.17,6.82,0.01,6.11,17.15,19.83,56.91,15.22,81.13,3.65,0,0,0,0,0,"7,259","7,259","19,105"
1,ANDAMAN & NICOBAR ISLANDS,2021,1,4,3,21,347,329,20,0.28,0.973,9.71,6.79,194.59,81.38,18.62,0,0.29,0.29,51.86,47.56,2.58,97.42,0,0,0,0,0,0,0,0,0
2,ASSAM,2021,1,4,27,164,"4,68,539","24,167","4,65,297",247.84,22.06,"3,347.19","3,818.54","1,47,216.58",76.11,23.82,0.07,2.62,4.85,8.15,84.38,24.52,74.55,0.93,0,1,0,"8,562",0,0,"8,563","1,66,574"
3,CHHATTISGARH,2021,1,4,28,"18,622","12,64,404","45,71,374","2,87,268","1,934.32","15,764.66","52,064.90","52,064.90","7,88,233.65",89.33,10.58,0.09,9.42,24.25,61.1,5.23,21.71,53.44,24.85,0,34,0,"98,592",656,0,"99,282","4,89,935"
4,GOA,2021,1,4,2,15,23,40,9,0.01,0.4356,0.1645,0.1645,10.51,97.96,2.04,0,0,10.2,6.12,83.68,10.2,38.78,51.02,0,0,0,0,0,0,0,0
5,HARYANA,2021,1,4,22,"6,748","5,28,807","6,72,142","65,604",820.85,"24,048.79","31,610.86","31,610.83","6,67,289.88",90.72,9.25,0.03,0.79,0.05,14.04,85.12,21.23,57.09,21.68,0,"15,260",0,"1,22,881",167,0,"1,38,308","2,86,034"
6,HIMACHAL PRADESH,2021,1,4,10,125,"87,663","90,766",640,32.18,193.08,317.39,317.39,"9,654.15",91.95,8.03,0.02,5.47,2.66,8.37,83.5,35.67,58.32,6.01,0,0,0,801,0,0,801,"39,433"
7,JAMMU AND KASHMIR,2021,1,4,4,62,"49,418","52,552",98,22.01,418.02,977.89,977.89,"20,901.08",96.07,3.91,0.02,6.18,2.35,1.87,89.6,33.18,63.27,3.55,0,1,0,"5,068",4,0,"5,073","25,263"
8,KARNATAKA,2021,1,4,30,"5,199","6,90,409","3,29,140","8,78,655","1,114.13","11,872.65","52,372.47","49,619.52","5,00,940.56",78.7,21.1,0.2,5.81,5.4,20.38,68.41,0,100,0,0,0,0,0,0,0,0,0
9,KERALA,2021,1,4,14,321,"5,160","6,312","2,508",4.21,78.09,193.78,193.78,"3,617.01",66.47,32.1,1.43,0.83,0.09,30.36,68.72,37.05,58.72,4.23,0,46,0,"3,686",0,0,"3,732","3,437"
10,MADHYA PRADESH,2021,1,4,52,"20,227","24,66,107","47,02,596","27,655","6,407.63","50,632.12","1,88,145.19","1,88,145.19","24,67,070.59",88.12,11.75,0.13,5.09,8.62,59.56,26.73,14.53,52.37,33.1,0,78,0,"1,37,943",77,0,"1,38,098","10,74,676"
11,MAHARASHTRA,2021,1,4,34,"2,430","36,02,696","10,45,372","73,32,992","4,857.69","44,054.75","2,10,641.24","1,94,618.04","18,88,262.40",80.45,19.53,0.02,4.63,2.32,33.79,59.26,10.14,83.13,6.73,0,"2,41,818","45,014","80,786","8,052",0,"3,75,670","27,33,219"
12,MANIPUR,2021,1,4,7,41,"2,144",952,"1,751",2.46,33.81,12.48,112.35,"1,677.31",60.45,39.51,0.04,12.32,6.59,30.56,50.53,34.67,61.34,3.99,0,0,0,145,0,0,145,"1,466"
13,ODISHA,2021,1,4,30,"6,870","12,15,408","59,61,174","20,08,468",979.39,"13,157.78","57,123.50","57,123.50","6,58,405.49",84.8,15.17,0.03,7.78,12.95,58.44,20.83,16.29,78.93,4.78,"1,623",0,155,"1,01,764",16,0,"1,03,558","4,33,582"
14,PUDUCHERRY,2021,1,4,3,90,"2,989",64,"3,569",2.34,0.3607,78.2,41,"1,585.34",67.19,32.78,0.03,7.4,0.11,46.68,45.81,2.06,96.97,0.97,0,0,0,0,0,0,0,0
15,RAJASTHAN,2021,1,4,33,"11,340","30,79,803","1,78,52,351","8,11,790","6,687.92","38,264.14","1,66,037.64","1,52,078.82","18,30,025.24",87.62,12.23,0.15,7.91,9.17,62.27,20.65,20.35,50.02,29.63,"9,608","8,170","26,222","3,44,316",639,0,"3,88,955","17,97,822"
16,SIKKIM,2021,1,4,4,79,"2,117",54,"2,263",0.27,8.23,0.1059,0.9495,244.78,86.66,13.34,0,0.69,9.93,21.71,67.67,27.19,72.16,0.65,0,0,0,0,0,0,0,0
17,TAMIL NADU,2021,1,4,34,825,"47,270","1,866","1,34,970",40.76,470.14,"2,806.95","1,260.06","20,575.79",83.58,16.4,0.02,6.01,0.93,58.37,34.69,9.36,87.47,3.17,0,0,0,"2,413",0,0,"2,413","23,904"
18,TRIPURA,2021,1,4,8,"1,107","1,68,859","15,659","2,34,089",37.49,25.45,518.82,239.93,"25,881.49",82.22,17.76,0.02,11.82,30.51,12.03,45.64,17.4,79.27,3.33,0,74,0,166,0,0,240,"28,038"
19,UTTAR PRADESH,2021,1,4,75,"49,106","17,81,856","20,06,081","1,36,145","1,556.56","15,642.28","31,448.59","31,317.99","7,82,118.99",88.36,11.6,0.04,6.73,0.62,34.92,57.73,32.39,59.03,8.58,0,686,"3,053","70,685",512,0,"74,936","6,27,997"
20,UTTARAKHAND,2021,1,4,13,820,"44,651","25,374","25,635",11.76,161.41,68.82,68.82,"8,070.61",89.02,10.95,0.03,13.36,5.05,10.97,70.62,18.98,79.11,1.91,0,0,0,"1,756",0,0,"1,756","10,708"
1,CHHATTISGARH,2021,1,2,28,574,"11,270","7,048","15,218",12.29,632.73,"3,454.39","1,458.26","12,654.51",89.04,10.93,0.03,4.88,18.91,61.15,15.06,18,58.43,23.57,0,0,0,0,0,"3,706","3,706","11,099"
2,HIMACHAL PRADESH,2021,1,2,10,780,"8,089","8,830",111,1.89,89.81,142.58,142.58,"1,796.11",92.51,7.46,0.03,9.41,9.04,4.48,77.07,47.27,49.78,2.95,0,0,0,0,0,102,102,"7,861"
3,KARNATAKA,2021,1,2,27,"3,336","1,71,061","2,56,874","72,687",146.14,"9,030.10","42,993.03","19,051.13","1,80,601.94",82.56,17.26,0.18,1.72,1.75,24.7,71.83,0,100,0,0,0,0,0,0,0,0,0
4,KERALA,2021,1,2,12,296,"21,050","14,049","14,632",16.35,273.06,"1,819.71","1,810.89","13,060.61",68.98,30.99,0.03,0.86,0.08,81.25,17.81,29.86,67.43,2.71,0,0,0,0,0,27,27,"20,769"
5,MAHARASHTRA,2021,1,2,25,911,"1,04,175","50,914","79,331",97.36,"5,531.78","4,915.35","4,558.02","1,07,818.34",84.18,15.8,0.02,2.72,0.57,28.23,68.48,9.94,75.86,14.2,0,0,0,0,0,"13,332","13,332","62,630"
6,RAJASTHAN,2021,1,2,11,282,"6,901","9,597",1,9.8,163.33,183.16,183.16,"3,266.58",92.34,7.56,0.1,5.98,5.27,48.67,40.08,9.69,13.54,76.77,0,0,0,0,0,1,1,40
7,UTTAR PRADESH,2021,1,2,18,68,"5,475","6,071",365,2.6,147.62,111.68,111.64,"2,952.31",92.22,7.78,0,7.26,0.31,10.15,82.28,20.56,71.35,8.09,0,0,0,0,0,236,236,"3,404"
8,UTTARAKHAND,2021,1,2,11,105,"51,038","52,160","9,229",37.31,"1,504.00","2,744.85","2,744.85","30,080.10",95.91,4.07,0.02,15.83,11.25,12.86,60.06,13.74,85.44,0.82,0,0,0,0,0,"1,577","1,577","50,545"
1,ANDAMAN & NICOBAR ISLANDS,2021,2,4,2,8,169,169,1,0.04,0.1917,1.77,1.77,38.24,69.41,30.59,0,0,0,98.24,1.76,10,90,0,0,0,0,0,0,0,0,0
2,ASSAM,2021,2,4,29,"1,627","4,80,593","7,858","4,83,709",309.72,96.82,"3,677.30","3,752.39","2,17,890.74",74.26,25.7,0.04,1.01,2.22,3.44,93.33,30.97,67.74,1.29,0,0,0,"17,079",0,0,"17,079","1,13,925"
3,CHHATTISGARH,2021,2,4,25,"4,478","2,22,040","7,90,472","1,49,234",342.11,"1,794.00","7,672.22","7,672.22","1,19,601.18",90.87,9.05,0.08,8.62,7.61,77.04,6.73,21.23,53.89,24.88,0,914,0,"37,480",0,0,"38,394","1,82,643"
4,GOA,2021,2,4,1,9,12,0,15,0,0.02,0.0033,0.0033,1.33,100,0,0,0,0,46.67,53.33,0,100,0,0,0,0,0,0,0,0,0
5,HARYANA,2021,2,4,22,"6,702","5,11,594","6,60,518","67,178",814.71,"7,523.74","13,443.26","13,436.83","5,01,584.63",90.31,9.66,0.03,0.76,0.04,14.95,84.25,22.1,56.7,21.2,0,"3,803",0,"22,906",2,0,"26,711","1,70,304"
6,HIMACHAL PRADESH,2021,2,4,10,125,"84,066","86,670",708,30.78,138.52,542.32,542.32,"9,234.58",91.95,8.03,0.02,5.13,2.82,7.85,84.2,37.32,57.27,5.41,0,0,0,380,0,0,380,"15,808"
7,JAMMU AND KASHMIR,2021,2,4,4,60,"37,200","38,942",128,20.38,244.67,709.05,709.05,"16,311.33",95.9,4.08,0.02,7.7,1.88,1.8,88.62,39.62,56.13,4.25,0,8,0,191,0,0,199,"6,542"
8,KARNATAKA,2021,2,4,27,"2,165","1,71,872","7,168","2,70,744",359.13,"1,716.57","11,594.58","11,332.96","1,13,084.23",80.96,18.87,0.17,2.95,2.79,23.46,70.8,0,100,0,0,0,0,0,0,0,0,0
9,KERALA,2021,2,4,14,195,"4,790","6,734","1,433",4.29,57.43,60.12,60.12,"3,567.79",65.78,34.09,0.13,0.91,0.02,21.86,77.21,37.01,60.3,2.69,0,35,0,853,0,0,888,"1,870"
10,MADHYA PRADESH,2021,2,4,52,"20,741","20,05,739","45,33,160","10,573","5,226.22","30,961.91","1,08,706.65","1,08,706.65","20,64,129.49",89.62,10.24,0.14,4.82,4.45,60.79,29.94,13.39,47.97,38.64,0,95,0,"1,42,901",2,0,"1,42,998","11,33,607"
11,MAHARASHTRA,2021,2,4,32,"1,762","6,59,723","1,06,148","11,33,855",840.85,"4,849.76","34,074.88","28,458.72","2,93,817.97",81.97,18.01,0.02,2.6,0.78,29.81,66.81,9.96,80.88,9.16,0,"7,296",0,"3,110",121,0,"10,527","61,339"
12,MANIPUR,2021,2,4,6,11,121,0,123,0.05,0.5699,0.0236,0.212,23.04,59.35,40.65,0,0,65.85,17.89,16.26,26.02,71.54,2.44,0,0,0,0,0,0,0,0
13,ODISHA,2021,2,4,30,840,"34,005","1,67,720","52,333",38.93,390.96,412.95,412.95,"26,763.34",89.01,10.91,0.08,5.72,9.37,68.16,16.75,16.61,71.54,11.85,0,2,0,794,2,0,798,"3,339"
14,PUDUCHERRY,2021,2,4,3,114,"10,739",134,"31,525",9.92,5.37,338.54,200.43,"6,523.15",70.08,29.86,0.06,6.9,0.13,59.63,33.34,6.14,91.63,2.23,0,0,0,275,0,0,275,"5,068"
15,RAJASTHAN,2021,2,4,33,"10,567","23,53,280","1,49,90,521","7,70,557","4,006.92","42,849.82","1,08,837.86","1,01,404.73","22,82,884.65",88.01,11.86,0.13,7.41,9.71,63.09,19.79,20.76,53.03,26.21,0,"4,434",0,"1,05,807","1,600",0,"1,11,841","3,85,451"
16,SIKKIM,2021,2,4,3,10,49,0,50,0.01,0.1292,0.0199,0.1762,8.61,84,16,0,0,8,4,88,84,16,0,0,0,0,0,0,0,0,0
17,TAMIL NADU,2021,2,4,41,"11,767","13,63,953","5,11,340","52,65,513","1,525.32","16,242.25","1,75,538.34","91,835.32","9,98,426.80",71.3,28.68,0.02,9.84,0.16,47.24,42.76,9.13,87.59,3.28,0,0,0,"79,300",0,0,"79,300","5,59,641"
18,TRIPURA,2021,2,4,8,73,"73,155","3,840","81,911",14.81,12.01,158.78,139.78,"10,264.62",83.18,16.79,0.03,8.82,20.55,8.66,61.97,27.61,70.6,1.79,0,0,0,24,0,0,24,"9,085"
19,UTTAR PRADESH,2021,2,4,75,"49,890","16,60,723","18,73,345","82,389","1,407.28","13,925.97","30,225.13","30,225.13","8,80,017.40",89.12,10.83,0.05,6.51,0.69,34.59,58.21,32.32,58.68,9,0,634,0,"17,208",6,0,"17,848","1,79,677"
20,UTTARAKHAND,2021,2,4,13,877,"34,449","17,947","19,528",9.53,89.99,157.93,157.93,"5,999.30",88.9,11.1,0,13.15,12.75,12.07,62.03,23.98,73.6,2.42,0,4,0,188,0,0,192,"9,059"
1,CHHATTISGARH,2021,2,2,28,571,"8,952","5,127","13,033",8.91,417.95,"1,930.07",884.65,"8,359.04",88.7,11.25,0.05,5.13,20.57,60.5,13.8,18.18,59.14,22.68,0,0,0,0,0,"1,819","1,819","8,139"
2,HIMACHAL PRADESH,2021,2,2,12,"1,195","55,792","59,207",228,"4,114.28","1,659.33","3,266.17","2,598.46","33,186.60",91.35,8.63,0.02,10.49,14.3,1.67,73.54,38.78,55.16,6.06,0,0,0,0,0,"6,487","6,487","47,473"
3,KARNATAKA,2021,2,2,8,366,"7,962",134,"9,744",9.86,402.38,"1,003.75",868.61,"8,047.52",86.72,13.23,0.05,2.34,2.99,17.6,77.07,0,100,0,0,0,0,0,0,0,0,0
4,KERALA,2021,2,2,12,242,"33,888","13,271","39,677",26.36,332.44,"2,658.87","2,658.68","20,899.87",67.58,32.38,0.04,1.91,0.12,70.44,27.53,19.49,77.26,3.25,0,0,0,0,0,"5,531","5,531","33,684"
5,MAHARASHTRA,2021,2,2,30,"1,155","98,521","87,470","68,136",113.06,"11,833.66","28,206.22","18,008.51","1,50,939.08",84.34,15.6,0.06,1.45,1.77,40.19,56.59,18.6,67.51,13.89,0,0,0,0,0,"71,286","71,286","89,965"
6,RAJASTHAN,2021,2,2,22,844,"31,816","57,778",94,20.05,"1,215.16","2,493.17","2,493.17","24,303.16",91.56,8.35,0.09,5.16,12.39,66.33,16.12,22.15,30.47,47.38,0,0,0,0,0,52,52,103
7,UTTAR PRADESH,2021,2,2,25,94,"1,762","1,466",761,0.9,30.97,39.09,36,619.38,86.48,13.52,0,7.95,1.08,44.63,46.34,36.28,53.84,9.88,0,0,0,0,0,53,53,"1,304"
8,UTTARAKHAND,2021,2,2,13,104,"22,871","13,089","21,532","2,323.14","2,156.42","5,086.43","5,086.38","43,128.50",92.96,7.02,0.02,5.92,33.98,23.79,36.31,17,80.31,2.69,0,0,0,0,0,"8,706","8,706","22,676"
1,ANDAMAN & NICOBAR ISLANDS,2022,1,4,2,13,131,131,0,0.05,0.1792,1.79,1.25,35.83,76.34,23.66,0,0,0,95.42,4.58,0,100,0,0,0,0,0,0,0,0,0
2,ANDHRA PRADESH,2022,1,4,26,"13,494","25,28,947","2,75,536","73,12,035","2,036.73",0.4703,"1,21,282.79","66,998.76","18,73,001.28",74,25.98,0.02,1.38,1.15,77.95,19.52,0,100,0,0,0,0,"56,978",0,0,"56,978","3,44,202"
3,ASSAM,2022,1,4,34,"2,157","2,31,020","8,624","2,34,587",156.05,236.89,"2,316.34","4,408.66","1,03,261.72",78.06,21.9,0.04,5.06,8.42,12.37,74.15,18.23,79.49,2.28,139,0,0,724,0,0,863,"11,274"
4,CHHATTISGARH,2022,1,4,28,"18,865","13,10,681","60,88,004","2,82,364","1,909.67","17,281.31","57,142.60","57,142.60","8,64,065.77",89.46,10.43,0.11,8.98,26.15,59.57,5.3,21.07,53.61,25.32,0,9,0,"23,647",16,0,"23,672","1,55,571"
5,GOA,2022,1,4,2,50,196,34,301,0.06,0.9579,0.0878,0.0878,41.7,88.36,11.64,0,0,27.76,16.72,55.52,3.88,86.87,9.25,0,0,0,0,0,0,0,0
6,HARYANA,2022,1,4,22,"6,635","5,27,609","6,53,252","1,15,795",812.3,"26,929.63","34,571.89","34,570.84","6,90,930.43",89.6,10.37,0.03,0.91,0.05,14.06,84.98,21.58,57.64,20.78,0,"5,362",0,"1,94,881",925,0,"2,01,168","3,31,668"
7,HIMACHAL PRADESH,2022,1,4,10,119,"94,870","99,529",809,34.68,208.08,338.52,338.52,"10,404.06",91.82,8.15,0.03,5.48,2.78,8.09,83.65,35.14,59.39,5.47,0,0,0,477,0,0,477,"31,610"
8,JAMMU AND KASHMIR,2022,1,4,4,62,"47,881","49,974",254,22.73,438.97,962.53,962.53,"21,948.50",95.64,4.34,0.02,6.48,1.67,1.79,90.06,33.01,63.47,3.52,0,35,0,309,39,0,383,"9,415"
9,KARNATAKA,2022,1,4,31,"6,046","10,93,617","3,22,628","16,09,824","1,681.03","17,475.85","76,124.44","69,710.08","7,36,772.68",77.01,22.8,0.19,6.77,5.42,23.72,64.09,0,100,0,0,0,0,0,0,0,0,0
10,KERALA,2022,1,4,14,329,"5,145","5,312","3,456",4.34,78.94,201.36,201.36,"3,693.43",67.47,32.12,0.41,0.81,0.1,25.59,73.5,35.65,60.8,3.55,0,16,0,269,0,0,285,"2,283"
11,MADHYA PRADESH,2022,1,4,52,"19,867","24,32,167","90,88,817","4,81,613","4,808.90","39,249.37","1,15,969.01","1,15,969.01","18,99,530.52",89.42,10.45,0.13,4.62,7.19,62.18,26.01,14.59,53.13,32.28,0,258,0,"73,403",34,0,"73,695","6,34,308"
12,MAHARASHTRA,2022,1,4,34,"2,464","43,54,222","7,49,148","89,02,988","5,741.98","65,379.87","1,87,357.00","1,87,052.23","27,72,866.75",80.1,19.88,0.02,5.14,2.08,33.27,59.51,7.9,87.15,4.95,179,"2,30,415","65,790","59,565","45,233",0,"4,01,182","32,99,317"
13,MANIPUR,2022,1,4,9,57,"3,173","1,398","2,619",3.07,44.25,14.68,132.13,"2,124.92",56.81,43.14,0.05,9.58,24.22,24.02,42.18,36.97,56.21,6.82,0,0,0,162,0,0,162,"2,328"
14,MEGHALAYA,2022,1,4,6,12,270,263,7,0.06,2.69,0.2629,2.37,59.99,27.78,72.22,0,0,99.26,0,0.74,56.67,41.85,1.48,0,0,0,1,0,0,1,61
15,ODISHA,2022,1,4,30,"6,797","11,41,752","57,75,243","20,74,266",898.24,"12,930.35","56,752.93","56,752.93","6,46,904.59",84.05,15.92,0.03,7.76,15.7,56.18,20.36,16.41,78.58,5.01,120,0,136,"56,903",0,0,"57,159","2,11,683"
16,PUDUCHERRY,2022,1,4,3,82,"2,813",27,"6,548",2.06,0.6194,60.6,33.32,"1,394.73",71.01,28.97,0.02,5.89,0.24,55.62,38.25,4.7,93.29,2.01,0,0,0,355,0,0,355,"2,717"
17,RAJASTHAN,2022,1,4,33,"11,383","30,27,888","2,06,24,129","11,88,137","6,573.56","38,676.62","1,66,192.16","1,55,184.30","18,56,927.83",87.13,12.73,0.14,7.93,8.2,63.59,20.28,19.3,50.24,30.46,0,"14,856","4,413","1,36,776","12,763",0,"1,68,808","11,65,696"
18,SIKKIM,2022,1,4,3,110,"3,181",3,"3,541",0.46,11.33,0.2574,2.33,360.73,85.27,14.73,0,0.59,4.09,8.52,86.8,37.39,60.02,2.59,0,0,0,0,0,0,0,0
19,TRIPURA,2022,1,4,8,"1,111","1,68,713","11,209","2,27,930",45.7,29.27,633.3,283.77,"31,552.81",81.94,18.03,0.03,13.02,28.57,11.19,47.22,10.85,84.61,4.54,0,0,0,61,0,0,61,"8,907"
20,UTTAR PRADESH,2022,1,4,75,"49,735","17,91,054","19,96,910","2,56,288","1,600.06","15,586.95","32,867.57","32,686.73","7,79,352.93",88.08,11.88,0.04,6.52,0.76,39.63,53.09,32.15,59.3,8.55,"9,132","2,769","3,850","61,096",112,0,"76,959","6,46,397"
21,UTTARAKHAND,2022,1,4,13,"4,660","49,571","35,044","23,199",11.79,155.6,77.92,77.92,"7,780.02",90.55,9.42,0.03,12.35,9.7,12.01,65.94,17.35,81.08,1.57,0,0,0,553,28,0,581,"22,004"
1,CHHATTISGARH,2022,1,2,28,597,"16,060","8,311","36,378",16.9,"1,008.65","5,547.69","2,365.44","20,173.03",88.12,11.83,0.05,4.74,14.5,68.59,12.17,17.11,60.33,22.56,0,0,0,0,0,"4,009","4,009","14,955"
2,HIMACHAL PRADESH,2022,1,2,10,946,"9,002","10,640",361,2.48,112.08,185.6,185.6,"2,241.69",93.15,6.84,0.01,9.22,14.36,2.87,73.55,36.83,58.65,4.52,0,0,0,0,0,362,362,"8,595"
3,KARNATAKA,2022,1,2,28,"3,531","2,03,352","3,08,422","1,07,479",183.14,"11,593.76","58,101.50","24,787.35","2,31,875.14",81.73,18.09,0.18,1.8,1.97,28.36,67.87,0,100,0,0,0,0,0,0,0,0,0
4,KERALA,2022,1,2,12,409,"35,465","16,106","41,430",25.32,433.31,"2,787.35","2,759.74","20,024.10",69.74,30.2,0.06,1.25,0.15,79.01,19.59,24.12,72.17,3.71,0,0,0,0,0,"9,681","9,681","35,117"
5,MAHARASHTRA,2022,1,2,26,886,"88,587","46,114","68,521",81.85,"4,622.03","4,245.09","3,904.51","89,978.97",84.54,15.43,0.03,2.65,0.59,26.6,70.16,8.7,73.77,17.53,0,0,0,0,0,"5,728","5,728","25,974"
6,RAJASTHAN,2022,1,2,13,359,"6,997","18,758","1,474",9.96,186.8,244.29,244.29,"3,736.07",90.66,9.13,0.21,7.09,2.38,57.6,32.93,7.48,19.31,73.21,0,0,0,0,0,591,591,"6,536"
7,UTTAR PRADESH,2022,1,2,21,85,"4,781","5,416","1,474",2.3,106.63,85.97,85.96,"2,132.67",91.16,8.84,0,3.03,0.57,26.05,70.35,27.42,62.64,9.94,0,0,0,0,0,480,480,"4,501"
8,UTTARAKHAND,2022,1,2,11,103,"58,168","63,527","12,599",45.47,"1,840.62","3,412.21","3,412.21","36,812.47",95.06,4.91,0.03,14.07,16.99,15.97,52.97,13.24,85.99,0.77,0,0,0,0,0,"6,670","6,670","54,683"
1,ANDAMAN & NICOBAR ISLANDS,2022,2,4,2,9,31,44,0,0.01,0.048,0.6847,0.3705,9.59,75,25,0,0,0,95.45,4.55,0,100,0,0,0,0,0,0,0,0,0
2,ANDHRA PRADESH,2022,2,4,25,"7,192","15,22,732","43,92,227","4,07,566","1,538.54",0,"64,222.77","44,852.69","11,59,451.75",74.75,25.23,0.02,6.12,1.15,41.89,50.84,0,100,0,0,0,0,"4,301",0,0,"4,301","68,158"
3,ASSAM,2022,2,4,32,"1,455","2,05,598","3,499","2,45,560",160.7,204.05,"5,905.52","2,125.20","1,69,638.91",72.31,27.66,0.03,3.11,5.37,6.95,84.57,28.83,70.12,1.05,0,25,0,"1,174",1,0,"1,200","13,689"
4,CHHATTISGARH,2022,2,4,24,"4,576","2,67,938","10,53,348","2,18,575",384.2,"2,050.94","8,839.90","8,839.90","1,36,730.89",90.67,9.24,0.09,8.27,8.49,76.73,6.51,21.22,55.37,23.41,0,201,0,"22,377",697,0,"23,275","1,67,148"
5,GOA,2022,2,4,2,11,35,0,71,0.01,0.0489,0.0383,0.0383,3.26,85.92,14.08,0,0,26.76,1.41,71.83,33.8,66.2,0,0,0,0,0,0,0,0,5
6,HARYANA,2022,2,4,22,"6,546","4,89,936","6,22,243","63,587",793.79,"7,673.55","13,697.37","13,691.67","5,11,571.90",89.3,10.67,0.03,0.85,0.03,15.25,83.87,23.32,57.66,19.02,0,"7,300",0,"41,106","3,110",0,"51,516","1,85,426"
7,HIMACHAL PRADESH,2022,2,4,10,125,"92,002","95,759",514,33.35,150.06,576.29,576.29,"10,004.22",91.77,8.2,0.03,5.35,2.81,7.99,83.85,35.16,59.56,5.28,0,1,0,746,0,0,747,"33,442"
8,JAMMU AND KASHMIR,2022,2,4,4,57,"40,788","41,134",331,20.95,252.17,738.55,738.55,"16,811.04",95.93,4.05,0.02,7.56,1.52,2.04,88.88,31.43,63.79,4.78,0,52,0,117,82,0,251,"6,936"
9,KARNATAKA,2022,2,4,27,"2,584","1,80,120","4,003","3,10,011",375.22,"2,174.84","12,376.57","12,251.58","1,39,114.25",80.41,19.39,0.2,3.06,2.95,25.39,68.6,3.3,95.32,1.38,0,0,0,0,0,0,0,0
10,KERALA,2022,2,4,14,222,"4,450","5,423","2,597",3.8,52.99,53.5,53.5,"3,209.67",66.01,33.78,0.21,2.47,0.26,25.27,72,36.92,58.54,4.54,0,21,0,174,0,0,195,"1,100"
11,MADHYA PRADESH,2022,2,4,52,"21,593","20,48,047","81,54,025","18,543","4,209.19","25,790.02","41,863.39","41,863.39","17,19,342.59",90.43,9.44,0.13,4.43,4.84,62.19,28.54,14,50.21,35.79,0,421,0,"30,201",32,0,"30,654","4,08,328"
12,MAHARASHTRA,2022,2,4,32,"1,772","4,03,163","89,642","6,54,074",533.33,"3,291.76","12,170.92","12,170.92","2,02,642.18",81.31,18.68,0.01,3.12,1.54,31.47,63.87,9.57,79,11.43,0,"15,999",0,"8,423","1,877",0,"26,299","1,35,298"
13,MANIPUR,2022,2,4,7,10,224,1,256,0.16,1.04,0.0694,0.6242,52.48,57.59,41.63,0.78,3.11,21.01,50.58,25.3,45.91,31.13,22.96,0,0,0,1,0,0,1,178
14,MEGHALAYA,2022,2,4,3,3,67,63,4,0.03,0.8261,0.1344,1.21,16.65,34.33,65.67,0,0,94.03,0,5.97,68.66,31.34,0,0,0,0,0,0,0,0,0
15,ODISHA,2022,2,4,28,636,"28,144","1,35,832","42,318",30.26,319.27,338.76,338.76,"21,971.20",89.77,10.18,0.05,4.41,7.95,70.66,16.98,17.37,71.59,11.04,0,95,0,"1,067",10,0,"1,172","3,646"
16,PUDUCHERRY,2022,2,4,3,110,"10,683",78,"31,735",10.26,0.1993,341.39,214.89,"6,740.79",68.68,31.28,0.04,7.77,0.06,49.32,42.85,5.85,92.4,1.75,0,0,0,0,0,0,0,0
17,RAJASTHAN,2022,2,4,33,"10,621","23,41,414","1,67,70,726","5,02,797","4,017.38","44,554.44","1,10,337.57","1,02,635.51","22,94,504.39",87.71,12.17,0.12,7.19,9.1,63.37,20.34,20.43,52.91,26.66,0,"9,471",0,"2,39,571","14,328",0,"2,63,370","8,24,612"
18,SIKKIM,2022,2,4,3,80,"1,366",5,"1,476",0.13,3.6,0.0375,0.3357,109.66,85.48,14.45,0.07,0.34,1.15,2.36,96.15,53.14,46.32,0.54,0,0,0,0,0,0,0,0
19,TAMIL NADU,2022,2,4,41,"11,571","12,62,704","6,28,668","55,12,966","1,541.44","16,206.26","1,75,468.78","1,04,950.14","9,89,502.28",70.66,29.32,0.02,10.06,0.21,47.6,42.13,9.33,87.48,3.19,"5,524",0,0,"86,454",0,0,"91,978","4,54,023"
20,TRIPURA,2022,2,4,8,76,"91,244","7,174","1,09,888",22.86,15.22,245.4,210.94,"15,790.58",82.62,17.36,0.02,13.47,27.43,13.27,45.83,13.13,85.48,1.39,0,0,0,146,0,0,146,"6,961"
21,UTTAR PRADESH,2022,2,4,75,"50,979","16,77,210","18,93,237","1,72,654","1,395.85","13,514.08","30,437.00","30,437.00","8,64,035.06",86.49,13.47,0.04,8.04,0.8,37.34,53.82,32.97,58.45,8.58,0,"1,826",134,"18,902",234,0,"21,096","2,58,162"
22,UTTARAKHAND,2022,2,4,13,"5,750","65,699","39,959","41,468",15.15,132.3,245.66,245.66,"8,819.96",88.68,11.3,0.02,11.78,9.92,11.6,66.7,23.77,74.88,1.35,0,38,0,591,5,0,634,"32,313"
1,CHHATTISGARH,2022,2,2,28,589,"13,422","10,574","33,193",15.51,898.88,"4,245.50","1,941.55","17,977.52",88.74,11.23,0.03,4.33,13.88,66.77,15.02,15.97,57.38,26.65,0,0,0,0,0,"2,473","2,473","11,187"
2,HIMACHAL PRADESH,2022,2,2,10,"1,230","56,817","64,699",262,"4,215.22","1,700.83","3,495.41","2,754.27","34,016.51",91.65,8.33,0.02,9.82,13.26,1.76,75.16,36.14,57.97,5.89,0,0,0,0,0,"5,225","5,225","52,926"
3,KARNATAKA,2022,2,2,10,430,"11,021",137,"13,765",13.52,548.52,"1,381.33","1,180.39","10,970.36",85.99,13.92,0.09,2.19,2.78,20.17,74.86,0,100,0,0,0,0,0,0,0,0,0
4,KERALA,2022,2,2,12,342,"46,161","13,705","58,546",35.5,478.24,"3,349.30","3,348.86","28,304.84",69.17,30.79,0.04,2.25,0.27,69.52,27.96,23.1,74.04,2.86,0,0,0,0,0,"7,877","7,877","42,792"
5,MAHARASHTRA,2022,2,2,30,"1,226","1,42,189","88,967","1,34,935",164.95,"16,858.40","39,704.35","25,637.24","2,21,106.35",82.19,17.77,0.04,1.49,1.57,40.21,56.73,15.77,75.25,8.98,0,0,0,0,0,"94,036","94,036","1,24,071"
6,RAJASTHAN,2022,2,2,22,769,"21,374","47,723",54,10.11,645.12,"1,371.42","1,371.42","12,902.34",91.36,8.61,0.03,3.43,13.24,64.48,18.85,21.92,33.87,44.21,0,0,0,0,0,"4,003","4,003","17,308"
7,UTTAR PRADESH,2022,2,2,28,79,"1,942","1,749",426,1.19,41.33,58.06,53.12,826.5,76.55,23.4,0.05,10.25,0.51,38.02,51.22,47.63,43.13,9.24,0,0,0,0,0,13,13,517
8,UTTARAKHAND,2022,2,2,13,115,"39,458","18,599","49,205","3,814.47","3,406.61","8,024.63","8,024.32","68,132.13",91.82,8.15,0.03,6.76,32.92,25.94,34.38,13.91,84.44,1.65,0,0,0,0,0,"12,860","12,860","35,990"
1,ANDAMAN & NICOBAR ISLANDS,2023,1,4,2,12,186,184,3,0.11,0.3542,2.13,1.06,70.85,85.03,14.97,0,0,0,63.1,36.9,1.07,98.93,0,0,0,0,2,0,0,2,86
2,ANDHRA PRADESH,2023,1,4,26,"13,014","22,68,027",0,"74,04,370","1,953.16",0,"46,242.42","9,576.62","19,38,937.90",74.21,24.66,1.13,4.48,3.4,55.59,36.53,0,100,0,0,0,0,"2,481",0,0,"2,481","1,00,394"
3,ASSAM,2023,1,4,34,"2,271","3,36,780","31,590","3,76,089",249.99,337.69,"3,462.75","4,748.81","1,63,723.61",76.25,23.73,0.02,5.02,13.73,17.59,63.66,29.77,68.65,1.58,0,14,0,"4,177",11,0,"4,202","65,452"
4,CHHATTISGARH,2023,1,4,33,"19,341","14,19,859","65,11,323","2,78,700","2,018.41","19,111.57","59,569.27","56,784.73","9,55,627.90",89.07,10.82,0.11,9.04,27.83,58.09,5.04,20.84,55.2,23.96,0,22,0,"18,617",517,0,"19,156","1,09,044"
5,GOA,2023,1,4,2,19,57,0,122,0.01,0.1241,0.0305,0.0305,6.08,73.77,26.23,0,0,75.41,4.92,19.67,1.64,98.36,0,0,0,0,0,0,0,0,0
6,HARYANA,2023,1,4,22,"5,358","2,49,817","44,40,245","1,52,328",391.46,"15,099.11","23,838.85","23,838.85","3,68,954.91",87.16,12.8,0.04,0.59,0.05,7.74,91.62,21.07,58.76,20.17,0,68,0,"23,948",178,0,"24,194","74,850"
7,HIMACHAL PRADESH,2023,1,4,10,128,"95,148","99,558","1,084",32.84,394.1,100.3,904.22,"19,704.82",91.69,8.29,0.02,5.6,2.47,8.17,83.76,34.05,60.87,5.08,0,6,0,"2,155",0,0,"2,161","56,799"
8,JAMMU AND KASHMIR,2023,1,4,20,316,"1,60,423","1,41,112","27,186",86.75,"1,267.55",603.37,"5,430.32","63,377.49",94.64,5.33,0.03,3.61,4.24,3.38,88.77,36.89,60.31,2.8,0,611,0,"2,304",352,0,"3,267","60,484"
9,KARNATAKA,2023,1,4,31,"6,026","10,85,154","2,15,913","16,74,186","1,490.64","18,239.96","69,310.76","66,868.35","7,71,233.19",76.83,22.97,0.2,6.34,5.14,21.07,67.45,0,100,0,0,0,0,0,0,0,0,0
10,MADHYA PRADESH,2023,1,4,52,"20,969","24,29,672","95,40,327","1,91,851","4,797.20","39,650.34","69,965.34","69,965.34","19,35,597.39",89.48,10.39,0.13,4.51,7,61.73,26.76,14.28,53.45,32.27,0,"1,401",0,"75,302",26,0,"76,729","7,04,271"
11,MAHARASHTRA,2023,1,4,34,"2,545","78,12,782","6,84,506","1,61,09,360","10,938.78",167.93,"4,61,317.41","3,11,962.85","52,88,169.45",80.27,19.71,0.02,5.03,4.41,36.1,54.46,7.15,88.66,4.19,"1,400","1,77,346","2,57,747","3,27,313","23,129",0,"7,86,935","59,15,663"
12,MANIPUR,2023,1,4,9,47,"3,162",653,"3,937",3.6,49.59,17.53,157.73,"2,458.22",60.96,39,0.04,5.99,7.54,34.07,52.4,30.54,62.42,7.04,0,0,0,200,0,0,200,"2,866"
13,MEGHALAYA,2023,1,4,11,37,"32,943",59,"36,258",14.48,0.8129,469.07,589.36,"10,567.78",29.66,70.3,0.04,0.37,95.96,1.37,2.3,43.1,56.84,0.06,0,0,0,"1,449",0,0,"1,449","13,886"
14,ODISHA,2023,1,4,30,"7,094","22,54,508","75,79,557","59,56,109","1,511.32","1,215.06","84,092.69","59,524.10","11,38,134.58",83.74,16.23,0.03,8.18,15.86,55.11,20.85,16.28,80.17,3.55,0,0,0,"20,732","2,242",0,"22,974","1,71,428"
15,PUDUCHERRY,2023,1,4,3,78,"2,729",6,"6,927",1.87,0.0292,57.26,28.66,"1,431.78",71.74,28.21,0.05,4.05,0,41.09,54.86,10.73,86.98,2.29,0,0,0,124,0,0,124,"1,335"
16,RAJASTHAN,2023,1,4,33,"11,444","30,52,482","2,08,67,940","12,65,650","6,318.64","44,759.65","1,13,824.86","1,13,824.86","21,43,988.20",86.55,13.31,0.14,7.7,7.65,64.08,20.57,19.65,50.29,30.06,0,0,0,"2,27,731","7,310",0,"2,35,041","12,17,496"
17,SIKKIM,2023,1,4,3,108,"2,992",0,"3,104",0.43,5.57,0.2905,2.58,217.25,89.11,10.89,0,0,1.06,2.45,96.49,54.32,45.26,0.42,0,0,0,0,0,0,0,0
18,TRIPURA,2023,1,4,8,"1,180","1,77,571","14,036","2,46,888",65.86,41.53,914.42,419.6,"45,467.89",81.58,18.39,0.03,13.82,33.98,12.63,39.57,7.92,88.84,3.24,0,0,0,74,115,0,189,"8,319"
19,UTTAR PRADESH,2023,1,4,75,"50,657","18,10,908","20,03,967","3,21,302","1,582.29","17,884.26","20,580.15","20,580.15","8,94,216.27",85.93,14.03,0.04,9.17,0.7,38.76,51.37,33.4,58.63,7.97,0,965,442,"28,707",969,0,"31,083","4,29,799"
20,UTTARAKHAND,2023,1,4,13,"4,032","35,438","34,104","5,709",15.26,236.93,20.73,186.44,"11,846.50",92.97,7.01,0.02,12.8,7.84,25.89,53.47,14.85,83.39,1.76,0,2,0,610,0,0,612,"14,215"
1,ANDHRA PRADESH,2023,1,2,21,455,"7,40,573",0,"12,98,493",718.93,0,"44,955.34","17,940.78","6,32,979.83",72.06,25.57,2.37,6.94,3.19,47.39,42.48,0,100,0,0,0,0,0,0,0,0,0
2,CHHATTISGARH,2023,1,2,33,579,"10,255","7,389","16,543",8.08,456.13,436.69,436.58,"9,122.68",86.97,13,0.03,4.81,19.89,62.25,13.05,17.44,59.64,22.92,0,0,0,0,0,614,614,"6,925"
3,HIMACHAL PRADESH,2023,1,2,9,517,"3,962","5,951",181,1.64,135.97,36.65,329.81,"2,719.34",91.21,8.79,0,5.85,1.6,6.08,86.47,36.73,56.83,6.44,0,0,0,0,0,601,601,"3,904"
4,KARNATAKA,2023,1,2,31,"3,840","2,61,929","3,65,915","1,95,082",229.05,"14,935.63","45,606.66","31,940.77","2,97,455.69",79.26,20.56,0.18,2.01,2.07,30.18,65.74,0,100,0,0,0,0,0,0,0,0,0
5,KERALA,2023,1,2,14,493,"36,556","18,286","45,919",28.32,514.8,"2,481.70","2,400.30","22,930.13",70.43,29.51,0.06,1.04,0.13,75.29,23.54,25.42,71.45,3.13,0,0,0,0,0,"8,107","8,107","35,924"
6,MAHARASHTRA,2023,1,2,26,818,"58,747","22,057","51,891",52.93,"2,839.53","2,821.38","2,575.84","55,111.07",83.63,16.35,0.02,1.71,0.63,26.31,71.35,8.46,74.83,16.71,0,0,0,0,0,"8,397","8,397","34,186"
7,RAJASTHAN,2023,1,2,22,"1,126","21,066","61,360",164,21.93,838.95,973.34,973.34,"16,779.12",93.82,6.17,0.01,2.68,11.11,61.91,24.3,13.59,18.99,67.42,0,0,0,0,0,"4,695","4,695","18,177"
8,UTTAR PRADESH,2023,1,2,21,64,"3,832","4,833",485,2.1,66.68,13.11,13.11,"1,573.08",91.37,8.63,0,21.14,0.13,10.62,68.11,32.61,61.3,6.09,0,0,0,0,0,318,318,"2,663"
9,UTTARAKHAND,2023,1,2,13,116,"66,264","70,118","20,350",50.79,"2,068.54",694.27,"6,245.51","41,370.85",94.89,5.06,0.05,14.31,20.55,16.61,48.53,13.74,85.51,0.75,0,0,0,0,0,"7,508","7,508","64,346"
1,ANDAMAN & NICOBAR ISLANDS,2023,2,4,2,5,12,22,0,0.01,0.0252,0.352,0.2269,5.03,86.36,13.64,0,0,0,100,0,4.55,95.45,0,0,0,0,0,0,0,0,0
2,ANDHRA PRADESH,2023,2,4,25,"6,820","12,92,095",0,"40,99,893","1,369.89",0,"28,347.84","12,302.68","10,49,828.51",74.87,25.12,0.01,6.13,1.11,39.95,52.81,0,100,0,0,0,0,"9,548",0,0,"9,548","1,43,962"
3,ASSAM,2023,2,4,34,"1,903","2,30,875","27,508","3,60,186",171.06,235.85,"7,085.96","3,197.69","1,89,188.60",73.48,26.49,0.03,5.4,11.06,12.07,71.47,30.03,68.72,1.25,0,14,0,"2,089",3,0,"2,106","30,311"
4,CHHATTISGARH,2023,2,4,27,"4,116","2,78,323","10,68,983","2,22,778",384.6,"2,147.34","12,522.86","12,522.86","1,43,159.27",90.28,9.63,0.09,8.14,8.54,76.97,6.35,20.93,57.18,21.89,0,"3,667",0,"32,351","2,897",0,"38,915","1,91,376"
5,GOA,2023,2,4,2,13,22,0,112,0,0.0224,0.0187,0.0187,1.49,25,75,0,0,95.54,0,4.46,0.89,99.11,0,0,0,0,0,0,0,0,2
6,HARYANA,2023,2,4,15,"3,818","2,30,932","55,60,786","6,89,304",372.66,"3,002.66","4,505.27","4,505.27","2,50,537.70",85.54,14.42,0.04,0.7,0.06,12.34,86.9,22.02,59.36,18.62,0,423,0,"3,749",34,0,"4,206","41,565"
7,HIMACHAL PRADESH,2023,2,4,11,127,"96,544","1,00,563","1,436",33.21,298.87,138.6,"1,245.16","19,924.96",91.52,8.46,0.02,5.7,2.8,8.38,83.12,34.7,60.11,5.19,0,10,0,29,0,0,39,"1,861"
8,JAMMU AND KASHMIR,2023,2,4,20,272,"77,222","72,618","5,642",38.35,405.67,207.39,"1,862.25","27,044.41",95.14,4.84,0.02,5.8,4.43,3.25,86.52,37.5,59.97,2.53,0,69,0,105,63,0,237,"6,780"
9,KARNATAKA,2023,2,4,27,"2,770","2,97,799","4,344","5,30,216",497.95,"3,002.18","14,620.99","14,544.76","1,93,167.75",79.09,20.74,0.17,3.94,3.57,22.91,69.58,0,100,0,0,0,0,0,0,0,0,0
10,MADHYA PRADESH,2023,2,4,52,"21,649","20,26,363","80,40,599","27,446","4,132.45","25,761.09","34,297.73","34,297.73","17,17,415.15",90.27,9.6,0.13,4.32,4.91,61.88,28.89,13.92,50.65,35.43,0,560,0,"18,389",28,0,"18,977","3,35,935"
11,MAHARASHTRA,2023,2,4,32,"2,008","35,69,371","80,617","70,05,429","4,885.11",70.86,"1,22,870.15","83,433.10","19,63,937.14",80.06,19.92,0.02,3.85,1.49,30.32,64.34,7.38,88.34,4.28,0,"35,830",0,"19,456","12,456",0,"67,742","5,76,652"
12,MANIPUR,2023,2,4,8,14,363,123,374,0.43,2.18,0.1893,1.7,123.75,62.37,37.42,0.21,16.7,12.68,31.19,39.43,31.39,66.4,2.21,0,0,0,0,0,0,0,0
13,MEGHALAYA,2023,2,4,4,8,"2,252",0,"2,253",0.9,0.0259,9.54,31.29,406,54.33,45.05,0.62,9.01,24.32,2.53,64.14,15,83.09,1.91,0,0,0,0,0,0,0,0
14,ODISHA,2023,2,4,30,"1,296","1,32,444","3,84,241","2,55,080",103.66,44.23,"2,948.29","1,827.87","71,171.85",86.85,13.13,0.02,7.6,9.81,60.92,21.67,15.82,79.02,5.16,0,0,0,445,0,0,445,"1,700"
15,PUDUCHERRY,2023,2,4,3,106,"10,615",92,"35,316",10.69,0.2047,306.62,192.7,"7,608.08",68.06,31.91,0.03,7.18,0.07,40.95,51.8,13.52,83.94,2.54,0,4,0,249,0,0,253,"2,334"
16,RAJASTHAN,2023,2,4,33,"10,916","23,19,152","1,58,63,924","9,19,250","3,997.56","55,343.09","77,080.11","77,080.11","28,08,549.88",86.93,12.95,0.12,7.24,8.53,63.86,20.37,20.6,53.36,26.04,0,0,0,"1,24,044","6,304",0,"1,30,348","5,66,444"
17,TAMIL NADU,2023,2,4,41,"10,911","10,93,563","4,75,678","49,82,744","1,391.29","14,945.33","47,583.22","47,476.86","9,15,995.59",68.76,31.22,0.02,10,0.13,46.69,43.18,9.53,87.32,3.15,"5,069","2,194",0,"68,901",0,0,"76,164","3,70,298"
18,TRIPURA,2023,2,4,8,77,"83,694","7,915","96,545",23.7,15.82,253.78,212.35,"16,375.18",82.05,17.93,0.02,12.48,32.14,12.17,43.21,9.65,88.23,2.12,0,2,0,1,0,0,3,387
19,UTTAR PRADESH,2023,2,4,75,"49,900","12,32,794","36,98,287","68,140",951,"10,984.88","11,705.08","11,705.08","7,12,788.71",88.11,11.83,0.06,7.63,0.65,36.83,54.89,29.33,60.06,10.61,0,"2,122","1,044","11,877",623,0,"15,666","1,94,928"
20,UTTARAKHAND,2023,2,4,13,"3,995","26,783","21,171","12,096",7.04,71.07,29.28,263.55,"4,737.89",89.21,10.75,0.04,12.15,5.65,13.9,68.3,24.29,73.21,2.5,0,80,0,10,0,0,90,"4,894"
1,ANDHRA PRADESH,2023,2,2,18,414,"1,92,571",0,"3,27,156",160.11,0,"12,887.90","4,924.50","1,49,221.84",65.39,34.59,0.02,4.33,23.58,41,31.09,0,100,0,0,0,0,0,0,0,0,0
2,CHHATTISGARH,2023,2,2,33,583,"8,327","6,541","13,799",6.7,275.85,258.9,258.9,"5,516.96",90.38,9.6,0.02,5.62,20.78,61.31,12.29,16.53,61.03,22.44,0,0,0,0,0,141,141,"3,206"
3,HIMACHAL PRADESH,2023,2,2,12,"1,437","58,586","70,909",283,"3,884.95","2,941.99",995.59,"8,960.28","59,296.59",91.43,8.55,0.02,8.84,13.6,2,75.56,33.99,59.49,6.52,0,0,0,0,0,"11,672","11,672","52,149"
4,KERALA,2023,2,2,14,612,"59,101","17,803","92,101",45.15,650.05,"2,332.51","2,261.13","36,644.66",68.96,31,0.04,2.21,0.16,68.65,28.98,20.84,76.38,2.78,0,0,0,0,0,"9,032","9,032","31,856"
5,MAHARASHTRA,2023,2,2,30,"1,250","1,43,990","94,504","1,29,781",165.47,"16,410.92","39,102.62","25,539.39","2,18,219.54",82.65,17.31,0.04,1.46,1.5,37.54,59.5,15.25,75.88,8.87,0,0,0,0,0,"94,399","94,399","1,35,490"
6,RAJASTHAN,2023,2,2,31,"1,274","38,856","1,11,835","1,235",27.65,"1,304.58",311.43,311.43,"33,837.03",94.17,5.8,0.03,2.95,15.94,61.03,20.08,16.08,24.48,59.44,0,0,0,0,0,"1,036","1,036","6,152"
7,UTTAR PRADESH,2023,2,2,27,81,981,"1,149",423,0.56,17.15,2.97,2.97,375.85,88.1,11.9,0,17.62,0.95,40.65,40.78,35.31,51.27,13.42,0,0,0,0,0,17,17,268
8,UTTARAKHAND,2023,2,2,13,95,"37,517","20,416","45,364","5,609.98","3,961.32","1,483.71","12,459.01","79,226.48",91.23,8.69,0.08,7.78,31.83,34.34,26.05,15.02,82.81,2.17,0,0,0,0,0,"26,467","26,467","34,086"
1,ANDAMAN & NICOBAR ISLANDS,2024,1,4,2,9,149,150,0,0.11,0.4051,2.43,1.22,81.02,83.33,16.67,0,0,0,48,52,0,100,0,0,0,0,2,0,0,2,39
2,ANDHRA PRADESH,2024,1,4,26,"13,160","24,05,480",0,"71,96,781","2,062.91",0,"30,448.01","5,086.90","20,16,551.80",75.11,24.87,0.02,4.41,3.95,56.05,35.59,0,100,0,0,0,0,"1,986",0,0,"1,986","96,970"
3,ASSAM,2024,1,4,34,"2,310","6,24,990","55,235","7,11,916",476.15,624.46,"6,816.51","9,221.25","3,15,996.58",72.23,27.73,0.04,7.22,15.31,24.13,53.34,26.41,71.21,2.38,0,3,0,"3,593",0,0,"3,596","73,120"
4,CHHATTISGARH,2024,1,4,33,"19,563","14,27,360","65,00,596","2,36,650","1,979.79","19,645.86","61,225.22","58,455.57","9,82,300.12",88.91,10.98,0.11,9.04,28.04,57.82,5.1,20.89,56.41,22.7,0,100,0,"11,621",92,0,"11,813","56,585"
5,GOA,2024,1,4,2,35,83,1,216,0.01,0.2217,0.079,0.079,8.38,80.18,19.82,0,0,56.22,5.07,38.71,2.3,97.7,0,0,0,0,1,0,0,1,31
6,HARYANA,2024,1,4,22,"6,033","3,73,740","90,93,069","3,79,296",557.69,"22,389.78","33,469.88","33,469.88","5,48,656.41",86.45,13.51,0.04,0.51,0.05,9.76,89.68,22.79,59.26,17.95,0,"1,469",0,"28,584",58,0,"30,111","80,593"
7,HIMACHAL PRADESH,2024,1,4,10,129,"96,597","1,00,517","2,227",30.88,370.54,98.21,883.93,"18,526.78",91.5,8.48,0.02,6.19,2.75,8.15,82.91,33.91,61.51,4.58,0,0,0,572,0,0,572,"26,293"
8,JAMMU AND KASHMIR,2024,1,4,20,307,"1,40,603","1,22,392","25,137",60.4,931.21,458.42,"4,096.56","46,560.70",93.98,6,0.02,4.45,5.09,4.95,85.51,33.28,64.33,2.39,0,270,0,"1,905",161,0,"2,336","67,092"
9,JHARKHAND,2024,1,4,24,"4,570","26,63,979","5,12,362","32,22,048","1,840.51",37.34,"77,179.49","51,538.81","12,89,998.17",59.78,40.17,0.05,8.04,20.83,60.62,10.51,9.95,85.89,4.16,0,0,0,0,0,0,0,0
10,MADHYA PRADESH,2024,1,4,55,"21,159","24,06,216","96,31,683","1,08,344","4,697.55","39,425.18","69,659.12","69,659.12","19,29,372.03",89.45,10.42,0.13,4.38,7.03,61.51,27.08,14.1,53.92,31.98,0,"3,457",0,"1,08,207",426,0,"1,12,090","9,09,038"
11,MAHARASHTRA,2024,1,4,34,"2,695","75,41,744","6,74,862","1,57,01,442","10,709.84",163.76,"4,53,649.92","3,10,177.60","52,01,781.30",79.99,19.98,0.03,4.9,3.64,36.26,55.2,6.51,89.7,3.79,0,"3,21,221","71,073","3,928","74,143",0,"4,70,365","37,85,157"
12,MANIPUR,2024,1,4,9,47,"4,305","2,796","2,411",4.24,57.97,17.13,154.18,"2,893.25",59.54,40.14,0.32,9.33,7.14,34.45,49.08,45.75,51.78,2.47,0,0,0,165,0,0,165,"2,423"
13,MEGHALAYA,2024,1,4,11,36,"42,842","1,041","47,496",17.64,0.7196,689.61,721.87,"14,713.82",29.28,70.65,0.07,0.34,98.49,0.53,0.64,44.32,53.02,2.66,0,0,0,952,0,0,952,"18,575"
14,ODISHA,2024,1,4,30,"7,109","22,41,621","81,07,617","57,14,733","1,510.44","1,139.34","88,498.86","62,024.49","12,06,412.33",82.24,17.73,0.03,8.12,17.33,53.41,21.14,17.17,80.04,2.79,0,0,0,"10,676","4,568",0,"15,244","1,16,876"
15,PUDUCHERRY,2024,1,4,3,84,"3,293",34,"8,754",2.4,0.034,72.53,35.72,"1,842.04",69.56,30.44,0,5.47,0.05,40.24,54.24,16.04,82.17,1.79,0,14,0,209,0,0,223,"2,016"
16,RAJASTHAN,2024,1,4,33,"11,909","30,29,839","2,03,63,740","15,02,584","6,427.33","45,323.43","1,17,384.95","1,17,384.95","21,77,192.96",86.26,13.59,0.15,7.57,7.06,64.52,20.85,19.49,49.89,30.62,"2,589",0,0,"98,158","11,361",0,"1,12,108","6,69,431"
17,SIKKIM,2024,1,4,6,107,436,433,142,0.2,8.15,1.99,17.88,407.63,83.48,16.52,0,6.09,33.04,26.96,33.91,55.65,40.52,3.83,0,0,0,0,0,0,0,0
18,TAMIL NADU,2024,1,4,39,"4,508","73,629","30,639","2,85,250",92.88,"1,500.52",539.74,539.18,"73,556.32",73.99,26,0.01,8.26,0.35,46.34,45.05,10.3,79.75,9.95,"2,880",0,0,"4,469",0,0,"7,349","38,448"
19,TRIPURA,2024,1,4,8,734,"7,706","6,981","1,334",1,17.23,0.7321,6.59,861.45,81.38,18.56,0.06,11.32,45.57,14.7,28.41,16.43,81.73,1.84,0,0,33,13,0,0,46,"2,873"
20,UTTAR PRADESH,2024,1,4,75,"51,121","15,31,689","48,02,879","2,91,643","1,132.33","13,019.60","15,004.49","15,004.49","6,50,989.14",88.52,11.36,0.12,6.94,0.84,39.38,52.84,29.54,60.78,9.68,0,"4,350","5,331","18,423",711,0,"28,815","3,70,770"
21,UTTARAKHAND,2024,1,4,13,232,"34,095","28,361","14,378",9.18,132.83,10.04,90.36,"6,641.66",90.72,9.25,0.03,12.71,6.77,14.37,66.15,18.07,79.72,2.21,0,0,0,65,0,0,65,"8,377"
1,ANDHRA PRADESH,2024,1,2,21,479,"8,00,601",0,"13,86,603",783.81,0,"52,995.96","20,933.19","7,62,609.03",73.6,26.37,0.03,7.12,3.24,47.13,42.51,0,100,0,0,0,0,0,0,0,0,0
2,CHHATTISGARH,2024,1,2,33,585,"7,814","8,772","10,313",7.28,404.53,430.97,430.93,"8,090.57",87.41,12.56,0.03,4.94,25.59,49.47,20,14.65,56.67,28.68,0,0,0,0,0,815,815,"5,222"
3,HIMACHAL PRADESH,2024,1,2,12,831,"5,449","6,958",131,2.24,185.94,54.1,486.91,"3,718.84",92.45,7.55,0,4.8,9.13,3.48,82.59,29.65,64.3,6.05,0,0,0,0,0,0,0,0
4,KERALA,2024,1,2,14,613,"46,115","17,003","75,808",33.7,692.07,"2,991.83","2,818.18","27,589.34",70.32,29.65,0.03,1.31,0.7,68.71,29.28,21.72,75.43,2.85,0,0,0,0,0,0,0,0
5,MAHARASHTRA,2024,1,2,25,880,"49,289","7,784","50,432",39.83,"2,195.01","2,141.65","2,008.32","43,893.17",81.14,18.83,0.03,1.65,1.3,27.9,69.15,9.06,82.31,8.63,0,0,0,0,0,"6,034","6,034","17,047"
6,RAJASTHAN,2024,1,2,21,869,"12,396","35,758","1,322",14.76,487.36,377.21,377.21,"9,747.24",92.83,7.08,0.09,3.16,4.83,56.87,35.14,18.58,25.38,56.04,0,0,0,0,0,0,0,0
7,UTTAR PRADESH,2024,1,2,24,81,"4,681","12,286","1,497",2.77,90.71,17.77,17.77,"2,071.54",89.93,10.05,0.02,7.48,0.72,30.04,61.76,30.41,62.9,6.69,0,0,0,0,0,273,273,"3,320"
8,UTTARAKHAND,2024,1,2,12,110,"62,314","63,613","22,406",43.88,"1,787.91",636.7,"5,589.23","35,935.15",94.55,5.42,0.03,14.26,18.71,18.43,48.6,12.92,86.17,0.91,0,0,0,0,0,"15,374","15,374","62,048"
1,ANDAMAN & NICOBAR ISLANDS,2024,2,4,2,6,31,62,1,0.01,0.0513,0.7419,0.4377,10.26,80.95,19.05,0,0,0,100,0,4.76,95.24,0,0,1,0,0,0,0,1,5
2,ANDHRA PRADESH,2024,2,4,25,"4,406","2,91,180","88,058","6,47,306",383.53,"3,145.97","8,112.01","8,112.01","2,96,624.87",72.13,27.84,0.03,3.88,0.87,39.88,55.37,13.77,80.52,5.71,0,0,0,0,0,0,0,0
3,ASSAM,2024,2,4,34,"2,320","2,70,637","52,833","3,80,362",217.44,272.29,"9,735.42","1,135.49","3,17,717.36",74.15,25.81,0.04,6.57,17.19,16.72,59.52,26.47,71.28,2.25,0,287,0,"5,376",0,0,"5,663","57,544"
4,CHHATTISGARH,2024,2,4,28,"4,322","2,78,039","10,63,019","2,48,857",390.45,"2,266.59","13,097.13","13,097.13","1,51,116.66",90.28,9.65,0.07,8.16,8.38,76.92,6.54,20.81,57.9,21.29,0,99,0,"13,793",199,0,"14,091","81,943"
5,GOA,2024,2,4,1,7,15,0,112,0,0.0185,0.0153,0.0153,1.23,20.54,79.46,0,0,98.21,1.79,0,0,100,0,0,0,0,0,0,0,0,0
6,HARYANA,2024,2,4,22,"6,116","3,54,638","81,86,580","5,67,146",534.56,"5,742.31","5,484.26","5,484.26","3,82,849.70",86.22,13.75,0.03,0.56,0.06,11.62,87.76,22.61,59.36,18.03,0,"1,457",0,"3,343",240,0,"5,040","22,727"
7,HIMACHAL PRADESH,2024,2,4,11,127,"1,03,491","1,08,684","1,850",35.55,319.92,149.87,"1,348.82","21,327.87",91.5,8.48,0.02,6.04,2.72,8.99,82.25,33.34,61.74,4.92,0,0,0,17,0,0,17,"1,042"
8,JAMMU AND KASHMIR,2024,2,4,16,233,"58,927","38,500","22,052",20.5,176.27,102.91,776.4,"11,751.35",92.01,7.95,0.04,2.63,7.65,5.89,83.83,32.31,65.88,1.81,0,37,0,279,0,0,316,"21,840"
9,JHARKHAND,2024,2,4,24,"3,681","1,40,371","1,08,349","62,506",114.75,1.71,"4,800.20","1,878.08","1,08,837.92",72.34,27.63,0.03,10.53,17.65,51.79,20.03,31.73,62.45,5.82,0,0,0,0,0,0,0,0
10,MADHYA PRADESH,2024,2,4,55,"21,880","20,46,148","82,30,760","32,419","4,078.94","26,119.87","34,335.67","34,335.67","17,41,335.80",90.2,9.67,0.13,4.28,5.15,61.66,28.91,13.76,51.35,34.89,0,108,0,"16,536",28,0,"16,672","2,71,499"
11,MAHARASHTRA,2024,2,4,32,"2,148","28,46,069","1,10,050","52,98,309","3,944.19",54.08,"1,01,096.86","62,484.38","16,83,616.98",79.5,20.47,0.03,3.86,1.79,33.82,60.53,6.78,88.96,4.26,0,"7,287",0,"3,764","5,398",0,"16,449","89,037"
12,MEGHALAYA,2024,2,4,4,8,381,41,342,0.16,0.1,1.57,5.06,73.89,50.65,49.35,0,0.78,74.67,2.35,22.2,21.15,77.81,1.04,0,0,0,0,0,0,0,0
13,ODISHA,2024,2,4,30,"1,437","1,81,326","3,94,710","4,88,895",141.36,64.66,"4,616.62","2,552.03","1,13,860.57",83.83,16.13,0.04,7.78,12.3,54.32,25.6,15.87,79.98,4.15,0,6,0,162,44,0,212,"1,694"
14,PUDUCHERRY,2024,2,4,3,111,"11,530",39,"40,150",11.49,0.167,336.47,214.04,"8,173.22",67.53,32.43,0.04,6.85,0.06,40.47,52.62,14.93,82.28,2.79,0,0,0,519,0,0,519,"6,016"
15,RAJASTHAN,2024,2,4,33,"11,356","22,92,003","1,43,46,120","9,60,022","3,923.35","52,180.56","72,990.26","72,990.26","27,39,937.51",86.57,13.32,0.11,7.05,8.14,64.61,20.2,20.23,53.18,26.59,0,0,0,"73,976","7,417",0,"81,393","2,24,425"
16,SIKKIM,2024,2,4,6,33,248,0,256,0.04,0.4162,0.0613,0.552,27.75,82.03,17.97,0,1.17,59.77,23.44,15.62,35.55,64.06,0.39,0,1,0,0,0,0,1,35
17,TAMIL NADU,2024,2,4,41,"10,292","9,72,328","4,01,306","46,57,130","1,326.06","14,097.42","29,303.81","29,094.92","8,61,966.22",67.29,32.69,0.02,10.28,0.12,45.36,44.24,9.68,86.95,3.37,0,41,0,"75,559",0,0,"75,600","4,46,756"
18,TRIPURA,2024,2,4,8,73,"12,216","15,071","1,279",1.58,23.54,1.59,14.31,"1,449.91",77.03,22.94,0.03,7.57,58.55,10.46,23.42,13,85.69,1.31,0,0,0,4,1,0,5,"2,389"
19,UTTAR PRADESH,2024,2,4,75,"52,410","15,85,381","56,09,590","96,938","1,094.10","12,939.06","12,750.74","12,750.74","8,31,560.34",88.63,11.23,0.14,6.22,0.96,37.61,55.21,28.57,62.84,8.59,0,"2,916",0,"8,996","1,953",0,"13,865","1,17,867"
20,UTTARAKHAND,2024,2,4,13,233,"27,252","21,681","10,763",10.32,108.46,44.31,398.82,"7,230.95",91.59,8.37,0.04,12.2,12.99,14.48,60.33,20.15,77.07,2.78,0,47,0,4,2,0,53,"1,056"
1,ANDHRA PRADESH,2024,2,2,18,350,"15,256","1,632","27,115",13.31,628.36,695.24,695.24,"12,567.11",74.17,25.82,0.01,2.86,3.74,44.75,48.65,12.13,80.82,7.05,0,0,0,0,0,0,0,0
2,CHHATTISGARH,2024,2,2,33,545,"5,032","6,935","5,764",4.55,188.5,174.86,174.86,"3,769.98",91.6,8.4,0,6.69,21.71,47.51,24.09,14.27,51.82,33.91,0,0,0,0,0,272,272,"4,639"
3,HIMACHAL PRADESH,2024,2,2,12,"1,478","61,744","72,494",64,"4,082.28","3,082.09","1,045.95","9,413.58","62,284.61",91.04,8.95,0.01,9.23,14.24,2.55,73.98,33.84,58.66,7.5,0,0,0,0,0,0,0,0
4,KERALA,2024,2,2,14,785,"58,899","14,606","1,12,581",46.5,726.16,"2,790.30","2,704.22","38,342.55",69.96,30.02,0.02,2.45,0.21,61.9,35.44,20.05,76.98,2.97,0,0,0,0,0,0,0,0
5,MAHARASHTRA,2024,2,2,30,"1,271","1,37,409","87,958","1,23,083",154.09,"14,315.97","38,407.62","29,343.50","2,56,966.62",82.58,17.38,0.04,1.51,1.91,43.53,53.05,15.2,77.14,7.66,0,0,0,0,0,"96,999","96,999","1,24,804"
6,RAJASTHAN,2024,2,2,31,"1,478","38,431","1,13,051","2,230",28.46,"1,324.66",451.15,451.15,"34,605.94",94.34,5.65,0.01,2.97,12.81,55.23,28.99,16.16,24.27,59.57,0,0,0,0,0,0,0,0
7,UTTAR PRADESH,2024,2,2,26,65,596,"1,288",128,0.52,15.49,2.48,2.48,348.84,91.95,8.05,0,13.35,0.42,35.03,51.2,26.69,57.56,15.75,0,0,0,0,0,11,11,133
8,UTTARAKHAND,2024,2,2,13,112,"41,002","21,141","67,379","7,394.09","4,626.60","1,698.58","14,535.76","92,532.11",90.23,9.7,0.07,7.79,33.23,34.01,24.97,13.79,84.45,1.76,0,0,0,0,0,"19,358","19,358","36,757"
1,ANDAMAN & NICOBAR ISLANDS,2025,1,4,3,35,966,962,15,0.75,0.0097,21.59,9.26,617.16,82.4,17.4,0.2,0,1.84,76.15,22.01,0.41,99.39,0.2,0,0,0,0,0,0,0,0
2,ANDHRA PRADESH,2025,1,4,26,"8,967","4,52,515","10,35,159","1,88,617",336.8,"2,504.53",608.18,608.18,"3,23,549.16",73.65,26.32,0.03,3.17,7.55,53.17,36.11,24.27,71.18,4.55,0,0,0,0,0,0,0,0
3,ASSAM,2025,1,4,34,"2,590","7,15,632","1,65,712","7,40,113",563.17,728.82,"7,108.58","1,943.90","3,97,470.74",73.83,26.13,0.04,7.29,17.85,24.9,49.96,24.66,72.55,2.79,0,1,0,0,0,0,1,8
4,CHHATTISGARH,2025,1,4,33,"19,520","15,31,321","67,49,453","1,87,719","2,018.80","20,153.88","62,026.84","59,300.09","10,07,745.30",88.72,11.15,0.13,9.21,27.01,58.16,5.62,21.43,58.14,20.43,0,227,0,0,6,0,233,916
5,GOA,2025,1,4,2,18,37,3,207,0.01,0.1439,0.03,0.03,7.2,77.14,22.86,0,0.48,79.05,9.52,10.95,0.95,99.05,0,0,0,0,0,0,0,0,0
6,HARYANA,2025,1,4,22,"6,210","3,56,386","91,10,186","3,91,498",497.36,"20,849.25","31,300.57","31,300.57","5,07,687.70",86.39,13.57,0.04,0.58,0.07,12.19,87.16,21.98,56.43,21.59,0,"8,294",0,0,226,0,"8,520","20,991"
7,HIMACHAL PRADESH,2025,1,4,10,127,"90,818","3,58,590","3,227",16.44,197.25,54.4,490.21,"9,862.98",91.69,8.3,0.01,5.58,2.52,11.3,80.6,33.17,61.08,5.75,0,2,0,0,0,0,2,38
8,JAMMU AND KASHMIR,2025,1,4,20,321,"1,89,723","1,57,907","43,472",75.59,"1,277.32",613.99,"5,490.18","63,866.07",92.68,7.3,0.02,3.99,6.19,7.9,81.92,30.12,67.44,2.44,0,"1,255",365,0,31,0,"1,651","13,151"
9,JHARKHAND,2025,1,4,24,"4,577","13,80,522","7,07,786","12,50,201","1,174.41",19.57,"47,902.73","31,082.23","8,42,796.55",64.97,34.99,0.04,9.12,23.9,53.22,13.76,16.01,80.34,3.65,0,0,0,0,0,0,0,0
10,MADHYA PRADESH,2025,1,4,55,"21,672","25,69,746","1,03,77,985","2,37,118","4,731.41","40,537.55","74,790.36","74,790.36","19,96,408.57",89.4,10.48,0.12,4.64,7.31,60.41,27.64,14.48,54.82,30.7,0,"12,981",0,0,778,0,"13,759","39,706"
11,MAHARASHTRA,2025,1,4,34,"2,663","45,51,421","8,70,340","88,78,516","6,057.12","54,972.96","94,083.30","94,083.30","32,52,023.99",80.71,19.25,0.04,4.24,2.88,36.26,56.62,7.22,86.49,6.29,0,0,0,0,0,0,0,0
12,MANIPUR,2025,1,4,9,62,"4,859","4,372",871,3.53,48.63,17.44,156.98,"2,405.35",61.97,37.78,0.25,4.33,16.75,27.88,51.04,60.42,35.3,4.28,0,0,0,0,0,0,0,0
13,MEGHALAYA,2025,1,4,11,37,"63,160","12,907","57,882",26.97,1.06,"1,258.60","1,261.98","25,416.10",28.51,71.42,0.07,0.24,98.18,0.21,1.37,46.64,51,2.36,0,0,0,0,0,0,0,2
14,MIZORAM,2025,1,4,10,14,410,18,398,0.31,1.09,5.48,0.2902,879.1,71.88,28.13,-0.01,0,100,0,0,21.39,73.32,5.29,0,0,0,0,0,0,0,0
15,ODISHA,2025,1,4,30,"7,104","22,73,765","80,25,205","45,39,727","1,385.91",754.76,"46,777.72","23,047.28","12,50,454.18",82.52,17.45,0.03,8.62,16.13,52.75,22.5,17.52,79.87,2.61,0,2,0,0,190,0,192,317
16,PUDUCHERRY,2025,1,4,3,99,"3,992",23,"10,417",3.59,0.0488,108.99,54.24,"2,739.61",67.51,32.48,0.01,6.22,0.09,39.16,54.53,16.63,80.78,2.59,0,0,0,0,0,0,0,0
17,RAJASTHAN,2025,1,4,33,"11,823","33,90,475","2,02,04,702","16,41,544","6,322.86","46,860.37","1,16,057.36","1,16,057.36","22,67,105.29",86.43,13.44,0.13,7.77,8.16,62.86,21.21,19.51,50.9,29.59,0,0,0,0,0,0,0,0
18,SIKKIM,2025,1,4,6,200,"2,710",278,"2,592",0.32,9.67,0.3546,3.19,271.88,75.64,24.32,0.04,2.72,37.7,33.97,25.61,45.05,54.36,0.59,0,0,0,0,0,0,0,0
19,TAMIL NADU,2025,1,4,39,"4,782","99,533","40,602","3,86,747",129.31,"1,969.93",575.32,572.53,"1,13,969.97",70.59,29.39,0.02,11.35,0.2,45.97,42.48,10.66,81.79,7.55,0,0,0,0,0,0,0,0
20,TRIPURA,2025,1,4,8,"1,148","66,352","22,935","48,822",21.18,22.08,153.55,0,"18,550.56",77.53,22.46,0.01,13.47,46.64,16.57,23.32,16.2,80.03,3.77,0,0,0,0,0,0,0,0
21,UTTAR PRADESH,2025,1,4,75,"52,333","20,68,242","71,03,090","2,61,065","1,332.21","16,621.75","17,596.54","17,596.54","8,31,101.69",89.19,10.7,0.11,6.74,1.08,36.84,55.34,31.2,61.34,7.46,856,"4,166","17,151",499,"2,044",0,"24,716","2,88,349"
22,UTTARAKHAND,2025,1,4,13,237,"45,250","38,130","27,813",12.03,186.54,13.39,120.4,"9,327.32",89.08,10.89,0.03,13.43,8.57,14.51,63.49,22.74,74.96,2.3,0,6,0,0,54,0,60,165
1,ANDHRA PRADESH,2025,1,2,20,320,"3,04,601","7,14,341","11,880",446.62,"8,643.50","16,652.28","16,652.00","3,66,157.26",72.86,27.1,0.04,5.71,3.7,45.88,44.71,25.01,51.25,23.74,0,0,0,0,0,0,0,0
2,ASSAM,2025,1,2,2,2,2,0,2,0,0.002,0.0205,0.0102,1.07,50,50,0,0,0,0,100,0,100,0,0,0,0,0,0,0,0,0
3,CHHATTISGARH,2025,1,2,33,583,"6,330","7,805","7,270",5.49,296.04,336.9,336.75,"5,920.73",87.49,12.46,0.05,5.74,26.94,46.95,20.37,16.36,57.87,25.77,0,0,0,0,0,0,0,0
4,HIMACHAL PRADESH,2025,1,2,12,789,"4,374","21,546",37,0.86,75.54,22.55,202.99,"1,510.85",91.55,8.38,0.07,5.95,2.19,6.91,84.95,31.6,58.63,9.77,0,0,0,0,0,0,0,0
5,KERALA,2025,1,2,14,856,"47,962","22,983","76,402",32.61,706.11,"2,876.43","2,698.52","27,148.49",70.6,29.37,0.03,1.42,0.8,63.16,34.62,25.07,72.44,2.49,0,0,0,0,0,0,0,22
6,MAHARASHTRA,2025,1,2,25,986,"44,272","5,679","46,411",36.22,"1,969.78","2,378.13","2,201.28","39,393.67",81.88,18.09,0.03,1.78,1.69,29.99,66.54,9.32,83.25,7.43,0,0,0,0,0,0,0,0
7,RAJASTHAN,2025,1,2,21,843,"14,326","63,524","1,482",13.86,475.91,402.6,402.6,"9,518.35",93.92,6.05,0.03,2.94,5.1,51.26,40.7,10.54,17.8,71.66,0,0,0,0,0,0,0,0
8,UTTAR PRADESH,2025,1,2,26,72,"5,670","16,453","1,307",2.54,80.3,15.91,15.91,"1,967.63",91.21,8.78,0.01,7.7,0.24,24.17,67.89,37.2,56.68,6.12,0,0,0,0,0,0,0,0
9,UTTARAKHAND,2025,1,2,13,117,"77,702","76,091","53,502",63.21,"2,580.94",963.21,"8,349.44","51,618.79",92.73,7.2,0.07,13.49,23.95,22.41,40.15,10.37,88.35,1.28,0,0,0,0,0,"5,752","5,752","63,429"
1,ANDAMAN & NICOBAR ISLANDS,2025,2,4,3,64,146,88,865,3.74,0.0062,260.75,143.2,"3,439.42",79.96,20.04,0,11.75,0,24.66,63.59,19.31,79.85,0.84,0,0,0,0,0,0,0,0
2,ASSAM,2025,2,4,34,"2,214","2,74,379","1,33,683","3,77,347",213.16,297.98,"7,889.75","1,817.08","2,62,620.26",70.28,29.67,0.05,7.39,17.49,16.22,58.9,29.01,68.75,2.24,0,0,0,0,0,0,0,0
3,CHHATTISGARH,2025,2,4,27,"4,451","2,67,632","10,47,370","2,46,136",379.99,"2,329.91","13,408.81","13,408.81","1,55,353.23",90.39,9.52,0.09,8.39,8.71,75.1,7.8,21.05,58.62,20.33,0,0,0,0,0,0,0,0
4,GOA,2025,2,4,1,4,7,0,130,0,0.0194,0.0146,0.0146,1.3,19.23,80.77,0,0,97.69,0,2.31,0,100,0,0,0,0,0,0,0,0,0
5,HARYANA,2025,2,4,22,"6,112","3,29,964","83,53,124","4,47,594",469.36,"5,301.94","5,027.00","5,027.00","3,53,489.39",86.39,13.56,0.05,0.65,0.09,13.93,85.33,21.57,56.78,21.65,0,0,0,0,0,0,0,0
6,HIMACHAL PRADESH,2025,2,4,10,126,"84,892","3,15,851","1,688",15.46,139.08,69.15,622.47,"9,272.68",91.39,8.55,0.06,5.53,2.33,12.31,79.83,33.59,60.64,5.77,0,0,0,0,0,0,0,0
7,JAMMU AND KASHMIR,2025,2,4,20,303,"1,36,493","99,923","39,777",56.25,658.91,325.92,"1,740.62","43,927.31",92.01,7.97,0.02,4.55,5.22,7.82,82.41,31.43,66.43,2.14,0,0,0,0,0,0,0,0
8,JHARKHAND,2025,2,4,24,"4,136","2,30,992","2,05,302","73,909",187.35,2.79,"7,221.08","3,158.97","1,67,841.89",72.96,26.99,0.05,10.71,22.07,47.98,19.24,35.31,60.39,4.3,0,0,0,0,0,0,0,0
9,MADHYA PRADESH,2025,2,4,55,"21,623","22,07,714","91,25,397","54,608","4,179.13","27,246.07","35,544.60","35,544.60","18,16,421.72",90.07,9.81,0.12,4.61,6.02,59.63,29.74,14.34,53.28,32.38,0,0,0,0,0,0,0,0
10,MAHARASHTRA,2025,2,4,32,"1,998","7,91,386","1,20,793","13,65,062","1,033.26","4,281.07",193.96,193.96,"4,28,120.67",80.72,19.24,0.04,3.9,1.29,37.69,57.12,7.47,84.7,7.83,0,0,0,0,0,0,0,0
11,MEGHALAYA,2025,2,4,3,6,"1,776",522,"1,266",0.71,0.0506,7.31,22.76,321.94,43.4,56.54,0.06,1.96,61.19,0.78,36.07,27.13,71.87,1,0,0,0,0,0,0,0,0
12,MIZORAM,2025,2,4,1,2,250,172,106,0.23,0.9254,5.4,0,632.25,51.08,48.92,0,0,99.28,0.36,0.36,4.32,95.68,0,0,0,0,0,0,0,0,0
13,ODISHA,2025,2,4,30,"1,376","1,24,275","4,15,077","2,62,552",121.12,74.91,"1,218.48",338.37,"1,11,585.88",85.1,14.86,0.04,7.01,12.78,59.6,20.61,15.03,80.1,4.87,0,0,0,0,0,0,0,0
14,PUDUCHERRY,2025,2,4,3,69,"5,182",59,"15,784",11.32,0.0581,321.47,198.77,"8,183.52",64.25,35.71,0.04,13.22,0.09,40.69,46,14.95,82.55,2.5,0,0,0,0,0,0,0,0
15,RAJASTHAN,2025,2,4,33,"11,274","24,20,166","1,61,89,602","8,67,927","3,905.06","50,776.08","72,225.04","72,225.04","27,31,882.31",87.17,12.74,0.09,7.47,9.26,58.29,24.98,20.62,54.92,24.46,0,0,0,0,0,0,0,0
16,SIKKIM,2025,2,4,6,92,737,4,798,0.06,1.3,0,0,38.54,73.19,26.81,0,2.74,45.39,34.54,17.33,34.54,64.09,1.37,0,0,0,0,0,0,0,0
17,TAMIL NADU,2025,2,4,41,"10,798","10,05,432","4,07,234","45,79,652","1,271.16","15,314.17","37,718.28","37,260.96","9,59,424.61",68.11,31.87,0.02,9.28,0.37,46.65,43.7,9.04,87.41,3.55,0,0,85,0,0,0,85,804
18,TRIPURA,2025,2,4,8,76,"32,976","16,069","18,484",7.91,36.76,51.23,86.02,"7,290.05",76.58,23.4,0.02,13.99,50.56,13.18,22.27,20.06,77.94,2,0,0,0,0,0,0,0,0
19,UTTAR PRADESH,2025,2,4,75,"53,360","18,86,387","67,61,286","58,079","1,153.03","13,703.35","13,490.63","13,490.63","8,82,463.35",89.73,10.15,0.12,6.68,1.09,35.52,56.71,30.36,61.98,7.66,0,0,0,0,0,0,0,0
20,UTTARAKHAND,2025,2,4,13,240,"20,691","15,326","14,147",7.89,84.43,30.24,272.19,"5,628.64",89.62,10.36,0.02,13.14,9.82,13.36,63.68,24.34,72.55,3.11,0,0,0,0,0,0,0,0
1,CHHATTISGARH,2025,2,2,33,575,"4,930","10,318","5,877",4.74,191.49,185.93,185.93,"3,829.71",92.49,7.51,0,4.98,20.04,39.81,35.17,11.51,63.41,25.08,0,0,0,0,0,0,0,0
2,HIMACHAL PRADESH,2025,2,2,12,"1,346","55,735","2,61,484","1,032","2,577.83","1,941.12",675.53,"6,079.74","39,196.85",92.59,7.35,0.06,7.44,15.54,3.77,73.25,34.48,57.69,7.83,0,0,0,0,0,0,0,0
3,KERALA,2025,2,2,14,722,"59,460","17,077","1,23,480",50.55,754.83,"3,924.14","3,828.26","41,489.36",69.38,30.6,0.02,2.85,0.25,59.61,37.29,22.22,75.15,2.63,0,0,0,0,0,0,0,0
4,MAHARASHTRA,2025,2,2,30,"1,339","1,75,084","85,954","1,83,093",208.85,"18,838.28","51,006.87","39,685.14","3,46,164.52",81.84,18.13,0.03,1.72,2.19,42.99,53.1,13.18,80.13,6.69,0,0,0,0,0,0,0,0
5,RAJASTHAN,2025,2,2,31,"1,270","30,097","1,41,007","1,361",18.21,940.52,377.27,377.27,"23,352.77",94.9,5.06,0.04,2.91,13.3,48.18,35.61,14.02,20.04,65.94,0,0,0,0,0,0,0,0
6,UTTAR PRADESH,2025,2,2,18,43,308,"1,195",16,0.28,8.64,1.48,1.48,191.97,91.99,8.01,0,9.66,0.33,24.36,65.65,18.58,60.53,20.89,0,0,0,0,0,0,0,0
7,UTTARAKHAND,2025,2,2,13,106,"54,186","24,983","1,03,296","12,357.85","7,453.50","2,676.32","22,972.97","1,49,070.01",88.56,11.36,0.08,10.22,29.95,38.97,20.86,13,85.39,1.61,0,0,0,0,0,0,0,0
